Workbook

Sheet Cover
B3: GRID CONNECTIVITY COMPLIANCE WORKBOOK
B4: CON4 – RE Plant Compliance Checklist
B5: Central Transmission Utility | Grid-India | RE Plant DMAT Submission
B9: PROJECT DETAILS | E9: DOCUMENT DETAILS
B10: Project Name / Grantee: | C10: Rajasthan Solar Park – Phase II | E10: Document Version: | F10: v1.2
B11: CTU Application No.: | C11: CTU/GNA/2024/1547 | E11: Prepared By: | F11: Gaurav Sharma, PE
B12: Connectivity Quantum (MW): | C12: 500 | E12: Reviewed By: | F12: Anjali Mehta, Sr. Engineer
B13: POI Station (ISTS): | C13: Bikaner ISTS 765/400 kV | E13: Approved By: | F13: Rakesh Verma, DGM
B14: POI Bus Voltage (kV): | C14: 400 kV | E14: Submission Date: | F14: 15-Mar-2025
B15: RE Plant Type: | C15: Solar PV (IBR) – without BESS | E15: Revision No.: | F15: Rev-3
B16: Expected COD: | C16: 15-Jun-2026 / 30-Sep-2026 | E16: Study Engineer: | F16: Sanjay Patel
B17: IBR OEM: | C17: SMA Solar Technology AG | E17: Organization: | F17: Grid-India Connectivity Cell
B21: COLOUR CODE LEGEND
C23: Editable Input Cell | E23: Fill in with project/study data
C24: Developer / Auto-populated | E24: Pre-filled reference or formula
C25: Compliant / Achieved | E25: Value meets the required limit
C26: Non-Compliant / Inconsistent | E26: Value does not meet limit or inconsistent
C27: Not Applicable / Blank | E27: Row not applicable or data not available
B29: This workbook is prepared for DMAT compliance submission under CTU/Grid-India connectivity regulations for RE Plants.

Sheet Summary Dashboard
B2: COMPLIANCE SUMMARY DASHBOARD
B3: CON4 – RE Plant DMAT Compliance Status Overview
B8: COMPLIANCE SCORECARD
B9: General Details 0/27 Items | D9: TD Requirements 1/140 Items | F9: Power Quality 0/15 Items | H9: Steady State 0/60 Items
B10: Awaited | D10: 1 Submitted | F10: Awaited | H10: Awaited
B11: Dynamic Data 0/99 Items | D11: Test Cases 0/238 Items
B12: Awaited | D12: Awaited
B16: SHEET-WISE COMPLIANCE SUMMARY TABLE
B18: Sheet / Category | C18: Total Items | D18: Submitted | E18: Not Submitted | F18: Compliance % | G18: Priority | H18: Status | I18: Remarks
B19: General Details - RE | C19: 27 | D19: 25 | E19: =C19-D19 -> 2 | F19: =IFERROR(D19/C19,0) -> 0.92592593 | G19: HIGH | H19: On Track | I19: 25/27 submitted; 2 items pending
B20: TD Requirements - RE | C20: 140 | D20: 40 | E20: =C20-D20 -> 100 | F20: =IFERROR(D20/C20,0) -> 0.28571429 | G20: HIGH | H20: Pending | I20: 40 submitted; 100 docs from OEM pending
B21: Power Quality | C21: 15 | D21: 15 | E21: =C21-D21 -> 0 | F21: =IFERROR(D21/C21,0) -> 1 | G21: HIGH | H21: On Track | I21: All 15 items compliant ✓
B22: Steady State Analysis | C22: 60 | D22: 38 | E22: =C22-D22 -> 22 | F22: =IFERROR(D22/C22,0) -> 0.63333333 | G22: HIGH | H22: In Progress | I22: 38 values filled; 22 PSS/E values pending
B23: Dynamic Data - RE | C23: 99 | D23: 39 | E23: =C23-D23 -> 60 | F23: =IFERROR(D23/C23,0) -> 0.39393939 | G23: HIGH | H23: Pending | I23: 39 LVRT/HVRT values filled; 60 pending
B24: Standard Test Cases | C24: 238 | D24: 80 | E24: =C24-D24 -> 158 | F24: =IFERROR(D24/C24,0) -> 0.33613445 | G24: MEDIUM | H24: Pending | I24: 80 test files submitted; 158 awaited
B25: TOTAL | C25: 579 | D25: =SUM(D19:D24) -> 237 | E25: =SUM(E19:E24) -> 342 | F25: =IFERROR(D25/C25,0) -> 0.40932642
B28: NOTES ON COLOUR CODING USED THROUGHOUT THIS WORKBOOK
C29: Input/Editable Cell | E29: Yellow highlight — Developer/entity must fill in this data
C30: Developer Reference | E30: Blue highlight — Pre-filled by developer or reference data
C31: Compliant / Achieved | E31: Green highlight — Value observed meets or exceeds the required limit
C32: Non-Compliant / Inconsistent | E32: Red/Orange highlight — Value does not meet limit or data is inconsistent

Sheet Pivot Analysis
A1: CON4 COMPLIANCE PIVOT ANALYSIS — Rajasthan Solar Park Phase II | 500 MW Solar IBR
A2: Submission cut-off: 15-Mar-2025 | Study Engineer: Gaurav Sharma | POI: Bikaner 765/400 kV ISTS | Auto-generated summary
A4: SECTION 1 – SHEET-WISE SUBMISSION OVERVIEW
A5: Sheet / Category | B5: Total Items | C5: Submitted | D5: Pending | E5: Completion % | F5: Remarks
A6: General Details - RE | B6: =COUNTA('General Details-RE'!C4:C33) -> 30 | C6: =COUNTIF('General Details-RE'!F4:F33,"Submitted") -> 30 | D6: =B6-C6 -> 0 | E6: =IFERROR(C6/B6,0) -> 1 | F6: 2 items pending developer input
A7: TD Requirements - RE | B7: =COUNTA('TD Requirement-RE'!C4:C142) -> 139 | C7: =COUNTIF('TD Requirement-RE'!D4:D142,"Submitted") -> 139 | D7: =B7-C7 -> 0 | E7: =IFERROR(C7/B7,0) -> 1 | F7: 100 TD docs awaiting OEM
A8: Power Quality | B8: =COUNTA('Power Quality'!C4:C20) -> 17 | C8: =COUNTA('Power Quality'!F4:F20) -> 17 | D8: =B8-C8 -> 0 | E8: =IFERROR(C8/B8,0) -> 1 | F8: All PQ parameters compliant ✓
A9: Steady State Analysis | B9: =COUNTA('Steady State'!C4:C49) -> 46 | C9: =COUNTA('Steady State'!G4:G49) -> 46 | D9: =B9-C9 -> 0 | E9: =IFERROR(C9/B9,0) -> 1 | F9: 22 PSS/E LF values pending
A10: Dynamic Data - RE | B10: =COUNTA('Dynamic Data-RE'!D4:D186) -> 178 | C10: =COUNTA('Dynamic Data-RE'!G4:G186) -> 178 | D10: =B10-C10 -> 0 | E10: =IFERROR(C10/B10,0) -> 1 | F10: 60 LVRT/HVRT params pending
A11: Standard Test Cases | B11: =COUNTA('Standard Test Cases'!A4:A241) -> 226 | C11: =COUNTA('Standard Test Cases'!H4:H241) -> 226 | D11: =B11-C11 -> 0 | E11: =IFERROR(C11/B11,0) -> 1 | F11: 158 test result files awaited
A12: TOTAL | B12: =SUM(B6:B11) -> 636 | C12: =SUM(C6:C11) -> 636 | D12: =SUM(D6:D11) -> 0 | E12: =IFERROR(C12/B12,0) -> 1
A14: SECTION 2 – TD REQUIREMENT CATEGORY BREAKDOWN
A15: Category | B15: Total | C15: Submitted | D15: Pending | E15: Completion % | F15: RAG
A16: Technical Details - IBR Unit | B16: =COUNTIF('TD Requirement-RE'!B:B,A16) -> 0 | C16: =COUNTIFS('TD Requirement-RE'!B:B,A16,'TD Requirement-RE'!D:D,"Submitted") -> 0 | D16: =B16-C16 -> 0 | E16: =IFERROR(C16/B16,0) -> 0 | F16: =IF(E16=1,"GREEN",IF(E16>=0.5,"AMBER","RED")) -> RED
A17: Single Line Diagram | B17: =COUNTIF('TD Requirement-RE'!B:B,A17) -> 0 | C17: =COUNTIFS('TD Requirement-RE'!B:B,A17,'TD Requirement-RE'!D:D,"Submitted") -> 0 | D17: =B17-C17 -> 0 | E17: =IFERROR(C17/B17,0) -> 0 | F17: =IF(E17=1,"GREEN",IF(E17>=0.5,"AMBER","RED")) -> RED
A18: Equipment details | B18: =COUNTIF('TD Requirement-RE'!B:B,A18) -> 0 | C18: =COUNTIFS('TD Requirement-RE'!B:B,A18,'TD Requirement-RE'!D:D,"Submitted") -> 0 | D18: =B18-C18 -> 0 | E18: =IFERROR(C18/B18,0) -> 0 | F18: =IF(E18=1,"GREEN",IF(E18>=0.5,"AMBER","RED")) -> RED
A19: Certification & Unit level testing to be furnished by the entity | B19: =COUNTIF('TD Requirement-RE'!B:B,A19) -> 27 | C19: =COUNTIFS('TD Requirement-RE'!B:B,A19,'TD Requirement-RE'!D:D,"Submitted") -> 27 | D19: =B19-C19 -> 0 | E19: =IFERROR(C19/B19,0) -> 1 | F19: =IF(E19=1,"GREEN",IF(E19>=0.5,"AMBER","RED")) -> GREEN
A20: Unit Level Reports (Inverter) | B20: =COUNTIF('TD Requirement-RE'!B:B,A20) -> 10 | C20: =COUNTIFS('TD Requirement-RE'!B:B,A20,'TD Requirement-RE'!D:D,"Submitted") -> 10 | D20: =B20-C20 -> 0 | E20: =IFERROR(C20/B20,0) -> 1 | F20: =IF(E20=1,"GREEN",IF(E20>=0.5,"AMBER","RED")) -> GREEN
A21: Unit Level Reports [SVG (if applicable)] | B21: =COUNTIF('TD Requirement-RE'!B:B,A21) -> 10 | C21: =COUNTIFS('TD Requirement-RE'!B:B,A21,'TD Requirement-RE'!D:D,"Submitted") -> 10 | D21: =B21-C21 -> 0 | E21: =IFERROR(C21/B21,0) -> 1 | F21: =IF(E21=1,"GREEN",IF(E21>=0.5,"AMBER","RED")) -> GREEN
A22: Unit Level Reports (WTG) | B22: =COUNTIF('TD Requirement-RE'!B:B,A22) -> 10 | C22: =COUNTIFS('TD Requirement-RE'!B:B,A22,'TD Requirement-RE'!D:D,"Submitted") -> 10 | D22: =B22-C22 -> 0 | E22: =IFERROR(C22/B22,0) -> 1 | F22: =IF(E22=1,"GREEN",IF(E22>=0.5,"AMBER","RED")) -> GREEN
A23: Unit Level Reports (BESS/PCS) (if applicable) | B23: =COUNTIF('TD Requirement-RE'!B:B,A23) -> 10 | C23: =COUNTIFS('TD Requirement-RE'!B:B,A23,'TD Requirement-RE'!D:D,"Submitted") -> 10 | D23: =B23-C23 -> 0 | E23: =IFERROR(C23/B23,0) -> 1 | F23: =IF(E23=1,"GREEN",IF(E23>=0.5,"AMBER","RED")) -> GREEN
A24: PPC | B24: =COUNTIF('TD Requirement-RE'!B:B,A24) -> 3 | C24: =COUNTIFS('TD Requirement-RE'!B:B,A24,'TD Requirement-RE'!D:D,"Submitted") -> 3 | D24: =B24-C24 -> 0 | E24: =IFERROR(C24/B24,0) -> 1 | F24: =IF(E24=1,"GREEN",IF(E24>=0.5,"AMBER","RED")) -> GREEN
A25: Plant Level Study Reports | B25: =COUNTIF('TD Requirement-RE'!B:B,A25) -> 5 | C25: =COUNTIFS('TD Requirement-RE'!B:B,A25,'TD Requirement-RE'!D:D,"Submitted") -> 5 | D25: =B25-C25 -> 0 | E25: =IFERROR(C25/B25,0) -> 1 | F25: =IF(E25=1,"GREEN",IF(E25>=0.5,"AMBER","RED")) -> GREEN
A26: Plant Level RMS Files (PSS/E) | B26: =COUNTIF('TD Requirement-RE'!B:B,A26) -> 16 | C26: =COUNTIFS('TD Requirement-RE'!B:B,A26,'TD Requirement-RE'!D:D,"Submitted") -> 16 | D26: =B26-C26 -> 0 | E26: =IFERROR(C26/B26,0) -> 1 | F26: =IF(E26=1,"GREEN",IF(E26>=0.5,"AMBER","RED")) -> GREEN
A27: Plant Level EMT Models(PSCAD) | B27: =COUNTIF('TD Requirement-RE'!B:B,A27) -> 15 | C27: =COUNTIFS('TD Requirement-RE'!B:B,A27,'TD Requirement-RE'!D:D,"Submitted") -> 15 | D27: =B27-C27 -> 0 | E27: =IFERROR(C27/B27,0) -> 1 | F27: =IF(E27=1,"GREEN",IF(E27>=0.5,"AMBER","RED")) -> GREEN
A28: Plant Level RMS Models(PSS/E) | B28: =COUNTIF('TD Requirement-RE'!B:B,A28) -> 1 | C28: =COUNTIFS('TD Requirement-RE'!B:B,A28,'TD Requirement-RE'!D:D,"Submitted") -> 1 | D28: =B28-C28 -> 0 | E28: =IFERROR(C28/B28,0) -> 1 | F28: =IF(E28=1,"GREEN",IF(E28>=0.5,"AMBER","RED")) -> GREEN
A31: SECTION 3 – POWER QUALITY COMPLIANCE STATUS
A32: Parameter | B32: Category | C32: Value Observed | D32: Limit | E32: Compliance Status
A33: TDD – Max Harmonic Current Distortion | B33: Harmonics | C33: ='Power Quality'!F4 -> 16893.53 | D33: ='Power Quality'!G4 -> NA | E33: COMPLIANT ✓
A34: THD 2 ≤ h < 11 | B34: Harmonics | C34: ='Power Quality'!F6 -> Yes | D34: ='Power Quality'!G6 -> NA | E34: COMPLIANT ✓
A35: THD 11 ≤ h < 17 | B35: Harmonics | C35: ='Power Quality'!F7 -> Yes | D35: ='Power Quality'!G7 -> NA | E35: COMPLIANT ✓
A36: THD 17 ≤ h < 23 | B36: Harmonics | C36: ='Power Quality'!F8 -> Yes | D36: ='Power Quality'!G8 -> NA | E36: COMPLIANT ✓
A37: THD 23 ≤ h < 35 | B37: Harmonics | C37: ='Power Quality'!F9 -> 1.179 | D37: ='Power Quality'!G9 -> 0.015 | E37: COMPLIANT ✓
A38: DC Current Injection | B38: DC Injection | C38: ='Power Quality'!F11 -> 0.009431 | D38: ='Power Quality'!G11 -> 0.01 | E38: COMPLIANT ✓
A39: Flicker – Short Term (Pst) | B39: Flicker | C39: ='Power Quality'!F12 -> 0.000735 | D39: ='Power Quality'!G12 -> 0.005 | E39: COMPLIANT ✓
A40: Flicker – Long Term (Plt) | B40: Flicker | C40: ='Power Quality'!F13 -> 0.00269 | D40: ='Power Quality'!G13 -> 0.0038 | E40: COMPLIANT ✓
A41: Voltage Unbalance (IEC 61000-4-30) | B41: V. Quality | C41: ='Power Quality'!F14 -> 0.000851 | D41: ='Power Quality'!G14 -> 0.0015 | E41: COMPLIANT ✓
A43: SECTION 4 – DYNAMIC PERFORMANCE SUMMARY (LVRT / HVRT)
A44: Test Condition | B44: Tool | C44: Incremental IQ (pu) | D44: Active Current (pu) | E44: Active Pwr Recovery (%) | F44: Limit (%) | G44: Status
A45: LVRT 0.15 pu, 100% P, Sym | B45: PSS/E | C45: ='Dynamic Data-RE'!#REF! -> #REF! | D45: ='Dynamic Data-RE'!G7 -> 0.101666 | E45: 93.2 | F45: ≥90 | G45: COMPLIANT ✓
A46: LVRT 0.15 pu, 100% P, Sym | B46: PSCAD | C46: ='Dynamic Data-RE'!G4 -> No | D46: 0.79 | E46: 92.8 | F46: ≥90 | G46: COMPLIANT ✓
A47: LVRT 0.5 pu, 100% P, Sym | B47: PSS/E | C47: 0.95 | D47: 0.75 | E47: 93.2 | F47: ≥90 | G47: COMPLIANT ✓
A48: LVRT 0.85 pu, 100% P, Sym | B48: PSS/E | C48: 0.48 | D48: 0.88 | E48: — | F48: — | G48: No trip – PASS ✓
A49: HVRT 1.1 pu, 100% P, Sym | B49: PSS/E | C49: — | D49: — | E49: — | F49: — | G49: No trip – PASS ✓
A50: HVRT 1.3 pu, 100% P, Sym | B50: PSS/E | C50: — | D50: — | E50: — | F50: — | G50: No trip – PASS ✓
A52: SECTION 5 – KEY GAPS & ACTION ITEMS
A53: # | B53: Area | C53: Gap Description | D53: Items Missing | E53: Priority | F53: Responsible | G53: Target Date | H53: Status
A54: 1 | B54: TD Requirements | C54: 100 TD documents pending OEM submission | D54: 100 | E54: HIGH | F54: Developer / OEM | G54: 15-Apr-2025 | H54: OPEN
A55: 2 | B55: Standard Tests | C55: 158 test result files not yet provided | D55: 158 | E55: HIGH | F55: Developer / OEM | G55: 30-Apr-2025 | H55: OPEN
A56: 3 | B56: Steady State | C56: 22 PSS/E load flow observed values missing | D56: 22 | E56: HIGH | F56: Study Engineer | G56: 20-Mar-2025 | H56: IN PROGRESS
A57: 4 | B57: Dynamic Data | C57: 60 LVRT/HVRT/DMAT parameter values unfilled | D57: 60 | E57: HIGH | F57: Study Engineer | G57: 25-Mar-2025 | H57: IN PROGRESS
A58: 5 | B58: General Details | C58: 2 general items awaiting developer input | D58: 2 | E58: MEDIUM | F58: Developer | G58: 10-Mar-2025 | H58: IN PROGRESS
A59: 6 | B59: Documentation | C59: CONN-TD4 final signature pending | D59: 1 | E59: MEDIUM | F59: Developer/Legal | G59: 01-Mar-2025 | H59: NEAR CLOSURE
A61: SECTION 6 – OVERALL SCORECARD
A62: Overall Submission Rate | B62: =TEXT(E12,"0%")&" ("&C12&"/"&B12&" items)" -> 100% (636/636 items) | C62: =IF(E12=1,"COMPLIANT","IN PROGRESS") -> COMPLIANT
A63: Power Quality | B63: 100% (15/15) – All parameters within limits | C63: COMPLIANT
A64: Dynamic Performance (LVRT/HVRT) | B64: Active Power Recovery >90% confirmed | C64: COMPLIANT
A65: Documentation Completeness | B65: 342 items pending – OEM & Study Engineer action needed | C65: ACTION NEEDED

Sheet General Details-RE
A1: General Details for Renewable Energy Source
A3: Sr. No. | B3: Category | C3: Description | D3: Unit | E3: Details | F3: Submission Status (Submitted/ Awaited) | G3: Name of File/ Folder Name | H3: 📝 Developer Guidance / Explanatory Note
A4: 1 | B4: General | C4: Name of Connectivity Grantee | D4: Name | E4: M/s VEH Green Energy Pvt. Ltd. | F4: Submitted | G4: 27. Connectivity Documents Compliance sheet & Agreements\CONN-TD-1_R1_VEHGEPL_2200000126 & 2200002094 | H4: Enter the full legal name of the entity that holds the CTU Connectivity/GNA grant. Must match exactly as on the grant letter. Example: 'Rajasthan Solar Park – Phase II'.
A5: 2 | B5: General | C5: CTU Connectivity / GNA Application Number | D5: Number | E5: Wind - CTU/S/5/Conn/INT-1C-2200000126 Solar - CTU/SR/CONN-INT-2B/2200002094 | F5: Submitted | G5: 27. Connectivity Documents Compliance sheet & Agreements\CONN-TD-1_R1_VEHGEPL_2200000126 & 2200002094 | H5: Enter the CTU-assigned application number. Obtain from your CTU grant letter. Example: 'CTU/GNA/2024/1547'.
A6: 3 | B6: General | C6: Connectivity Quantum (MW) Granted | D6: MW | E6: 153.6 | F6: Submitted | G6: 27. Connectivity Documents Compliance sheet & Agreements\Final_Grant_Connectivity | H6: Connectivity quantum (in MW) as per the grant letter. Do NOT change to installed capacity – use exactly what is stated in the grant. Example: '500 MW'.
A7: 4 | B7: General | C7: Installed capacity as per Connectivity (MW) | D7: MW | E7: 207.8 | F7: Submitted | G7: 27. Connectivity Documents Compliance sheet & Agreements\CONN-TD-1_R1_VEHGEPL_2200000126 & 2200002094 | H7: Installed capacity (MW) as per connectivity approval / design documents.
A8: 5 | B8: General | C8: Installed rated capacity as per models (MW) | D8: MW | E8: 207.8 | F8: Submitted | G8: 15. PSSE Steady State Report | H8: Installed capacity (MW) as modelled in PSS/E or PSCAD.
A9: 7 | B9: General | C9: Installed Capacity (in MW) with Breakup of different sources for Hybrid | D9: Solar/Wind/ESS etc. | E9: Solar: 52.8 MW Wind: 155 MW | F9: Submitted | G9: 27. Connectivity Documents Compliance sheet & Agreements\Final_Grant_Connectivity | H9: For hybrid plants, breakup capacity of each source alongwith totals (Solar MW / Wind MW / ESS MWh).Format 'Solar: <X> MW'., 'Wind: <X> MW' Source: Project capacity documents.
A10: 8 | B10: General | C10: Connection Details (CONN-TD 4) Quantum applied for: | D10: MW | E10: 153.6 | F10: Submitted | G10: 27. Connectivity Documents Compliance sheet & Agreements\Final_Grant_Connectivity | H10: Quantum applied for under CONN-TD 4 form.
A11: 9 | B11: General | C11: CEA Registration Number | D11: Number | E11: 1400007949 ( for 153.6MW Wind ) 1400014697 (for 52.8MW Solar ) | F11: Submitted | G11: 27. Connectivity Documents Compliance sheet & Agreements\CONN-TD-1_R1_VEHGEPL_2200000126 & 2200002094 | H11: CEA Registration Number as issued by Central Electricity Authority for this RE plant. Attach the CEA Registration Certificate.
A12: 10 | B12: General | C12: Type of RE Plant (Solar/Wind/Hybrid/with or without BESS) | D12: Number | E12: Hybrid ( Solar and Wind) | F12: Submitted | G12: 27. Connectivity Documents Compliance sheet & Agreements\CONN-TD-1_R1_VEHGEPL_2200000126 & 2200002094 | H12: Select the appropriate type: 'Solar PV (IBR)', 'Wind (IBR)', 'Hybrid – Solar + Wind', 'Solar with BESS', etc. Be specific about IBR type and BESS inclusion.
A13: 11 | B13: General | C13: ISTS Station (POI bus) | D13: Name | E13: 765/400/220 kV Koppal-II ISTS SS. | F13: Submitted | G13: 27. Connectivity Documents Compliance sheet & Agreements\CONN-TD-1_R1_VEHGEPL_2200000126 & 2200002094 | H13: Name of ISTS substation where grid connection (POI) is established. Format: '<Substation Name> <kV>/<kV> ISTS'. Example: 'Bikaner 765/400 kV ISTS'.
A14: 12 | B14: General | C14: POI Bus Voltage | D14: kV | E14: 220 | F14: Submitted | G14: 27. Connectivity Documents Compliance sheet & Agreements\CONN-TD-1_R1_VEHGEPL_2200000126 & 2200002094 | H14: POI Bus voltage level in kV (the voltage at the Point of Interconnection). Typical values: 400 kV, 220 kV, 132 kV. Must match SLD.
A15: 13 | B15: General | C15: Expected Date of First COD/Final COD | D15: Date | E15: 46203 | F15: Submitted | G15: 27. Connectivity Documents Compliance sheet & Agreements\CONN-TD-1_R1_VEHGEPL_2200000126 & 2200002094 | H15: Provide expected dates in DD-Mon-YYYY format. First COD = first unit energisation, Final COD = full plant. Example: '15-Jun-2026 / 30-Sep-2026'.
A16: 14 | B16: General | C16: IBR Makes / Name of OEM | D16: Name | E16: Wind Turbine Generator- Envision Energy India Pvt.Ltd. Inverter - Sineng Electric India Pvt.Ltd. SVG - TBEA Xi'an Electric Technology co.,Ltd. | F16: Submitted | G16: 3. Datasheets of all the equipment | H16: Full name of the Inverter/IBR OEM. Example: 'SMA Solar Technology AG', 'Sungrow Power Supply Co.', 'ABB Ltd.'. Must match type test report.
A17: 15 | B17: General | C17: Name of OEM (WTG) | D17: Name | E17: Envision Energy India Pvt.Ltd. | F17: Submitted | G17: 3. Datasheets of all the equipment | H17: Applicable for wind plants only. Enter WTG OEM name. For pure solar, enter 'N/A (Solar only)'.
A18: 16 | B18: General | C18: Name of OEM (SVG) | D18: Name | E18: TBEA Xi'an Electric Technology co.,Ltd. | F18: Submitted | G18: 3. Datasheets of all the equipment | H18: Applicable if SVG/STATCOM is installed. Enter OEM name. For no SVG, enter 'N/A'. Example: 'Statcon Energiaa', 'GE Grid Solutions'.
A19: 17 | B19: General | C19: Name of OEM (BESS/PCS) | D19: Name | E19: NA | F19: Submitted | H19: Applicable if BESS/PCS is installed. Enter OEM name. For no BESS, enter 'N/A'.
A20: 18 | B20: General | C20: Name of OEM (PPC) | D20: Name | E20: EIT AUTOMATION Pvt.Ltd. | F20: Submitted | G20: 3. Datasheets of all the equipment | H20: PPC (Power Plant Controller) OEM and model. Example: 'ABB PPC-9000', 'Siemens MGMS', 'Ingeteam INGECON'. Attach OEM datasheet.
A21: 19 | B21: General | C21: Capacity (MVAr) & Resonant ferquency of filter (1st) (if applicable) | D21: MVAR, Hz | E21: NA | F21: Submitted | H21: If harmonic filters are installed, enter: Reactive power rating in MVAr and resonant (tuning) frequency in Hz. Example: '25 MVAr, 150 Hz (3rd harmonic)'. Enter 'N/A' if no filter.
A22: 20 | B22: General | C22: Capacity (MVAr) & Resonant ferquency of filter (2nd) (if applicable) | D22: MVAR, Hz | E22: 1.6MVAr,33kV,2nd Order ST ( Tuning Frequency : 198Hz) | F22: Submitted | G22: 3. Datasheets of all the equipment | H22: Second harmonic filter details (if installed). Same format as Sr.18. Enter 'N/A' if not applicable.
A23: 21 | B23: General | C23: Capacity (MVAr) & Resonant ferquency of filter (3rd) (if applicable) | D23: MVAR, Hz | E23: NA | F23: Submitted | H23: Third harmonic filter details (if installed). Enter 'N/A' if not applicable.
A24: 22 | B24: General | C24: SVG Rating (MVAR, if applicable) | D24: MVAR | E24: 2 x 30 MVAr | F24: Submitted | G24: 3. Datasheets of all the equipment | H24: SVG rating in MVAr if installed. Specify +/- range. Example: '±60 MVAr'. Attach SVG technical datasheet. Enter 'N/A' if not installed.
A25: 23 | B25: General | C25: IBR Model Name/No. | D25: Name | E25: Wind Turbine Generator- EN 182/5.0 Inverter - EP-3300-HB-UD SVG - TSVG-30/33-W-C | F25: Submitted | G25: 3. Datasheets of all the equipment | H25: IBR model name/number as per OEM datasheet. Example: 'SMA SunCentral 2500 kVA', 'Sungrow SG3125HV'. Must match type test report.
A26: 24 | B26: General | C26: Rated IBR Capacity | D26: MVA,, Volts. Deg C | E26: Wind Turbine Generator - 5.0MW Inverter - 3300kVA@50°C SVG - 30MVAr | F26: Submitted | G26: 3. Datasheets of all the equipment | H26: IBR rating in format 'MVA, voltage, Temperature'. Example: '2500 kVA, 690 V, 50 deg C'. Source: OEM technical datasheet. If multiple OEMs exist, please enter their data in the same cell.
A27: 25 | B27: General | C27: Number of IBRs | D27: Number | E27: Wind Turbine Generator - 31 Nos. Inverter - 16 Nos. SVG - 2 Nos. | F27: Submitted | G27: 3. Datasheets of all the equipment | H27: Total count of IBR units in the plant. Example: '200 units'. Must be consistent with total plant capacity ÷ unit rating.
A28: 26 | B28: General | C28: Site temperature considered for plant compliance as per CEA Procedure for assessment of the Design Temperature for RE Plants | D28: Degrees | E28: 44 °C | F28: Submitted | G28: 15. PSSE Steady State Report | H28: As per CEA Procedure for Design Temperature Assessment of RE Plants. Obtain from nearest IMD station data or CEA temperature map. Enter in °C. Example: '45 °C'.
A29: 27 | B29: General | C29: Signed CONNTD-1 submitted? | D29: Yes/No | E29: Yes | F29: Submitted | G29: 27. Connectivity Documents Compliance sheet & Agreements\CONN-TD-1_R1_VEHGEPL_2200000126 & 2200002094 | H29: Confirm if the signed CONN-TD 1 form has been submitted to CTU. Enter 'Yes' or 'No'.
B30: General | C30: Steady State Scenarios for hybrid projects submitted as per CTU advisory dated 20.11.2025 | D30: Yes/No | E30: Yes | F30: Submitted | G30: 14. PSSE Detailed Model | H30: Applicable for hybrid plants only. If pure solar or pure wind, enter 'Not Applicable'. If hybrid, submit simultaneous power injection study report as per CTU advisory.
B31: General | C31: Dynamic Scenarios for hybrid projects submitted as per CTU advisory dated 20.11.2025 | D31: Yes/No | E31: Yes | F31: Submitted | G31: 17. PSSE Dynamic Report | H31: Applicable for hybrid plants only. If pure solar or pure wind, enter 'Not Applicable'. If hybrid, submit simultaneous power injection study report as per CTU advisory.
B32: General | C32: Power Quality Scenarios for hybrid projects submitted as per CTU advisory dated 20.11.2025 | D32: Yes/No | E32: Yes | F32: Submitted | G32: 20. PSCAD Power Quality Report | H32: Applicable for hybrid plants only. If pure solar or pure wind, enter 'Not Applicable'. If hybrid, submit simultaneous power injection study report as per CTU advisory.
A33: 28 | B33: General | C33: Nearest Loaction of IMD Station for Power Plant | D33: latitude, longitude | E33: 15.2° N, 76° E | F33: Submitted | H33: Coordinates of nearest IMD (India Meteorological Department) station used for temperature data. Format: 'DD.DDNB, DD.DDE'. Example: '27.25N, 73.01E'. Source: IMD station reference document.
C34: CEA Site Temperature at the location | D34: deg Celsius | E34: 42.6 | F34: Submitted | G34: 15. PSSE Steady State Report
A38: The Applicant is required to fill in yellow-highlighted cells only. All remaining fields are system-locked and pre-populated for reference.
A40: ⚠ IMPORTANT DISCLAIMER — INDICATIVE SHEET ONLY This workbook is prepared as an indicative checklist to assist the Applicant/Developer in organising submission data for CTU/Grid-India CON4 compliance. The values, limits, and compliance flags shown herein are for self-assessment purposes ONLY. Submission of this sheet or attainment of values that are numerically within the limits indicated does NOT, by itself, constitute or guarantee regulatory compliance. Final compliance determination rests solely with CTU / Grid-India as per applicable regulations, grid codes, and CEA standards. The Developer must independently verify all parameters against the latest applicable CEA Connectivity Regulations, Grid Code, and CTU/Grid-India circulars/advisory.

Sheet Steady State
A1: Steady State Simulation Results for Renewable Energy Sources
A3: Sl No | B3: Category | C3: Description | D3: Unit | E3: Voltage at POI | F3: Mathematical Notation | G3: Value Observed | H3: Lower Limit | I3: Upper Limit | J3: Ref Document Name | K3: Page number of the document | L3: Remarks | M3: 📝 Developer Guidance / Explanatory Note
A4: 1 | B4: General | C4: Maximum(Peak) Transformer Loading Observed Across All Simulation Scenarios wrt Name Plate Rating | D4: % | G4: 84 | H4: 100 | I4: 100 | J4: 153.6 MW VEH Green_Hybrid_Koppal Steady State Study Report_V01.PDF | K4: 49 | M4: Maximum transformer (power transformer / ICT) loading across ALL PSS/E load flow scenarios. Enter in %. Limit: ≤100%.Source: PSS/E LF Report.
A5: 2 | B5: General | C5: Maximum IDT/Lines/Cables Loading of all Cases wrt Name Plate Rating | D5: % | G5: 88 | H5: 100 | I5: 100 | J5: 153.6 MW VEH Green_Hybrid_Koppal Steady State Study Report_V01.PDF | K5: 65 | M5: Maximum IBR unit transformer (IDT) loading w.r.t. nameplate rating across all cases. Enter in %. Limit: ≤100%. Source: PSS/E LF Report.
B6: General | C6: Maximum Loading Power Cables/Distribution Lines of all Cases wrt Name Plate Rating | D6: % | G6: 92 | H6: 100 | I6: 100 | J6: 153.6 MW VEH Green_Hybrid_Koppal Steady State Study Report_V01.PDF | K6: 49 | M6: Maximum % loading of any power cable or distribution line in the internal plant network across all load flow scenarios. Limit: ≤100%. Source: PSS/E Load Flow Report.
A7: 3 | B7: General | C7: Maximum Inverter/WTG Loading at site temperature as per CEA Procedure | D7: MVA | G7: 100 | H7: 100 | I7: 100 | J7: 153.6 MW VEH Green_Hybrid_Koppal Steady State Study Report_V01.PDF | K7: 49 | M7: Maximum inverter/WTG MVA output considering temperature derating at site temperature (as per CEA procedure). Enter in MVA. Source: CEA Temperature Procedure + PSS/E model.
A8: 7 | B8: General | C8: Maximum Voltage Observed at Plant bus | D8: p.u. | G8: 1.0999 | H8: 1.1 | I8: 1.1 | J8: 153.6 MW VEH Green_Hybrid_Koppal Steady State Study Report_V01.PDF | K8: 47 | M8: Maximum voltage (p.u.) observed at the plant POI bus across all steady-state scenarios. Limit: ≤1.05 p.u. Check especially at light load / leading PF conditions. Source: PSS/E LF Report.
A9: 8 | B9: General | C9: Minimum Voltage Observed at Plant bus | D9: p.u. | G9: 0.9209 | H9: 0.9 | I9: 0.9 | J9: 153.6 MW VEH Green_Hybrid_Koppal Steady State Study Report_V01.PDF | K9: 47 | M9: Minimum voltage (p.u.) observed at plant POI bus across all scenarios. Limit: ≥0.95 p.u. Check especially at full load lagging PF. Source: PSS/E LF Report.
A10: 12 | B10: General | C10: Reactive Power Injection in pu(100MVA base) at PoI, Unity PF, Voltage at POI 1.0 pu | D10: p.u. | E10: 1 | F10: Q_POI | G10: 0.01 | H10: =-0.3286*'General Details-RE'!E10/100 -> -0.5047296 | I10: =0.3286*'General Details-RE'!E10/100 -> 0.5047296 | J10: 153.6 MW VEH Green_Hybrid_Koppal Steady State Study Report_V01.PDF | K10: 47 | M10: Net reactive power injection at POI (100 MVA base) for Unity PF, 1.0 pu voltage scenario. Expected: ≈0.00 p.u. (since unity PF means no reactive injection). Source: PSS/E LF case output.
A11: 13 | B11: General | C11: Unity PF, Voltage at POI 1.0 pu(plant level): Inverter P(pu) | D11: p.u. | E11: 1 | F11: P_INV | G11: 0.27 | H11: 0 | I11: 1 | J11: 153.6 MW VEH Green_Hybrid_Koppal Steady State Study Report_V01.PDF | K11: 47 | M11: Inverter active power output (p.u. on 100 MVA base) for Unity PF, 1.0 pu voltage case Source: PSS/E load flow output.
A12: 14 | B12: General | C12: Unity PF, Voltage at POI 1.0 pu: Inverter Q(pu) | D12: p.u. | E12: 1 | F12: Q_INV | G12: 0 | H12: -1 | I12: 1 | J12: 153.6 MW VEH Green_Hybrid_Koppal Steady State Study Report_V01.PDF | K12: 47 | M12: Inverter reactive power output (p.u.) for Unity PF, 1.0 pu voltage case Source: PSS/E load flow output.
A13: 16 | B13: General | C13: Unity PF, Voltage at POI 1.0 pu: SVG Q(pu) | D13: p.u. | E13: 1 | F13: Q_SVG | G13: 1 | H13: -1 | I13: 1 | J13: 153.6 MW VEH Green_Hybrid_Koppal Steady State Study Report_V01.PDF | K13: 47 | M13: SVG reactive power (p.u.) for Unity PF, 1.0 pu voltage case.Source: PSS/E load flow output.
A14: 17 | B14: General | C14: Unity PF, Voltage at POI 1.0 pu: WTG P(pu) | D14: p.u. | E14: 1 | F14: P_WTG | G14: 1 | H14: 0 | I14: 1 | J14: 153.6 MW VEH Green_Hybrid_Koppal Steady State Study Report_V01.PDF | K14: 47 | M14: WTG active power (p.u.) for Unity PF, 1.0 pu case. Enter 'N/A' if no WTG (pure solar). Source: PSS/E output.
A15: 18 | B15: General | C15: Unity PF, Voltage at POI 1.0 pu: WTG Q(pu) | D15: p.u. | E15: 1 | F15: Q_WTG | G15: 0 | H15: 0 | I15: 1 | J15: 153.6 MW VEH Green_Hybrid_Koppal Steady State Study Report_V01.PDF | K15: 47 | M15: WTG reactive power (p.u.) for Unity PF, 1.0 pu case. Enter 'N/A' if no WTG. Source: PSS/E output.
A16: 17 | B16: General | C16: Unity PF, Voltage at POI 1.0 pu: BESS P(pu) | D16: p.u. | E16: 1 | F16: P_WTG | G16: N/A | H16: 0 | I16: 1 | J16: 153.6 MW VEH Green_Hybrid_Koppal Steady State Study Report_V01.PDF | K16: 47 | M16: WTG active power (p.u.) for Unity PF, 1.0 pu case. Enter 'N/A' if no WTG (pure solar). Source: PSS/E output.
A17: 18 | B17: General | C17: Unity PF, Voltage at POI 1.0 pu: BESS Q(pu) | D17: p.u. | E17: 1 | F17: Q_WTG | G17: N/A | H17: 0 | I17: 1 | J17: 153.6 MW VEH Green_Hybrid_Koppal Steady State Study Report_V01.PDF | K17: 47 | M17: WTG reactive power (p.u.) for Unity PF, 1.0 pu case. Enter 'N/A' if no WTG. Source: PSS/E output.
A18: 33 | B18: General | C18: Reactive Power Injection in pu(100MVA base) at PoI, Unity PF, Voltage at POI 0.95 pu | D18: p.u. | E18: 0.95 | F18: Q_POI | G18: -0.01 | H18: 0 | I18: 1.643 | J18: 153.6 MW VEH Green_Hybrid_Koppal Steady State Study Report_V01.PDF | K18: 47 | M18: Net Q at POI for Unity PF, 0.95 pu voltage scenario. Expected: ≈0.00 p.u. Source: PSS/E LF output. Low voltage scenario tests plant behaviour under under-voltage grid conditions.
A19: 34 | B19: General | C19: Unity PF, Voltage at POI 0.95 pu: Inverter P(pu) | D19: p.u. | E19: 0.95 | F19: P_INV | G19: 0.28 | H19: 0 | I19: 1 | J19: 153.6 MW VEH Green_Hybrid_Koppal Steady State Study Report_V01.PDF | K19: 47 | M19: Inverter P for Unity PF, 0.95 pu POI voltage scenario. Source: PSS/E output.
A20: 35 | B20: General | C20: Unity PF, Voltage at POI 0.95 pu: Inverter Q(pu) | D20: p.u. | E20: 0.95 | F20: Q_INV | G20: 0 | H20: 0 | I20: 1 | J20: 153.6 MW VEH Green_Hybrid_Koppal Steady State Study Report_V01.PDF | K20: 47 | M20: Inverter Q for Unity PF, 0.95 pu voltage. Should be ≈0 (unity PF). Source: PSS/E output.
A21: 36 | B21: General | C21: Unity PF, Voltage at POI 0.95 pu: SVG P(pu) | D21: p.u. | E21: 0.95 | G21: 0.000 | H21: 0 | I21: 1 | J21: PSS/E LF Report.pdf | K21: 25 | M21: SVG P for Unity PF, 0.95 pu voltage. Source: PSS/E output.
A22: 37 | B22: General | C22: Unity PF, Voltage at POI 0.95 pu: SVG Q(pu) | D22: p.u. | E22: 0.95 | F22: Q_SVG | G22: 1 | H22: 0 | I22: 1 | J22: 153.6 MW VEH Green_Hybrid_Koppal Steady State Study Report_V01.PDF | K22: 47 | M22: SVG Q for Unity PF, 0.95 pu voltage. Source: PSS/E output.
A23: 38 | B23: General | C23: Unity PF, Voltage at POI 0.95 pu: WTG P(pu) | D23: p.u. | E23: 0.95 | F23: P_WTG | G23: 1 | H23: 0 | I23: 1 | J23: 153.6 MW VEH Green_Hybrid_Koppal Steady State Study Report_V01.PDF | K23: 47 | M23: WTG P for Unity PF, 0.95 pu voltage. 'N/A' for solar. Source: PSS/E output.
A24: 39 | B24: General | C24: Unity PF, Voltage at POI 0.95 pu: WTG Q(pu) | D24: p.u. | E24: 0.95 | F24: Q_WTG | G24: 0 | H24: 0 | I24: 1 | J24: 153.6 MW VEH Green_Hybrid_Koppal Steady State Study Report_V01.PDF | K24: 47 | M24: WTG Q for Unity PF, 0.95 pu voltage. 'N/A' for solar. Source: PSS/E output.
A25: 40 | B25: General | C25: Reactive Power Injection in pu(100MVA base) at PoI, 0.95 Lagging, Voltage at POI 0.95 pu | D25: p.u. | E25: 0.95 | F25: Q_POI | G25: 0.33 | H25: 0 | I25: 1.643 | J25: 153.6 MW VEH Green_Hybrid_Koppal Steady State Study Report_V01.PDF | K25: 47 | M25: Net Q at POI for 0.95 Lag, 0.95 pu voltage. Enter actual simulation value. The low voltage condition stresses reactive capability. Source: PSS/E LF output.
A26: 41 | B26: General | C26: 0.95 Lagging, Voltage at POI 0.95 pu: Inverter P(pu) | D26: p.u. | E26: 0.95 | F26: P_INV | G26: 0.26 | H26: 0 | I26: 1 | J26: 153.6 MW VEH Green_Hybrid_Koppal Steady State Study Report_V01.PDF | K26: 47 | M26: Inverter P for 0.95 Lag, 0.95 pu case. Source: PSS/E output.
A27: 42 | B27: General | C27: 0.95 Lagging, Voltage at POI 0.95 pu: Inverter Q(pu) | D27: p.u. | E27: 0.95 | F27: Q_INV | G27: 0.4 | H27: 0 | I27: 1 | J27: 153.6 MW VEH Green_Hybrid_Koppal Steady State Study Report_V01.PDF | K27: 47 | M27: Inverter Q for 0.95 Lag, 0.95 pu case. Should be ≈+0.329 p.u. Source: PSS/E output.
A28: 43 | B28: General | C28: 0.95 Lagging, Voltage at POI 0.95 pu: SVG P(pu) | D28: p.u. | E28: 0.95 | G28: 0.001 | H28: 0 | I28: 1 | J28: PSS/E LF Report.pdf | K28: 35 | M28: SVG P for 0.95 Lag, 0.95 pu case. Source: PSS/E output.
A29: 44 | B29: General | C29: 0.95 Lagging, Voltage at POI 0.95 pu: SVG Q(pu) | D29: p.u. | E29: 0.95 | F29: Q_SVG | G29: 1 | H29: 0 | I29: 1 | J29: 153.6 MW VEH Green_Hybrid_Koppal Steady State Study Report_V01.PDF | K29: 47 | M29: SVG Q for 0.95 Lag, 0.95 pu case. Source: PSS/E output.
A30: 45 | B30: General | C30: 0.95 Lagging, Voltage at POI 0.95 pu: WTG P(pu) | D30: p.u. | E30: 0.95 | F30: P_WTG | G30: 1 | H30: 0 | I30: 1 | J30: 153.6 MW VEH Green_Hybrid_Koppal Steady State Study Report_V01.PDF | K30: 47 | M30: WTG P for 0.95 Lag, 0.95 pu case. 'N/A' for solar. Source: PSS/E output.
A31: 46 | B31: General | C31: 0.95 Lagging, Voltage at POI 0.95 pu: WTG Q(pu) | D31: p.u. | E31: 0.95 | F31: Q_WTG | G31: 0.18 | H31: 0 | I31: 1 | J31: 153.6 MW VEH Green_Hybrid_Koppal Steady State Study Report_V01.PDF | K31: 47 | M31: WTG Q for 0.95 Lag, 0.95 pu case. 'N/A' for solar. Source: PSS/E output.
B32: General | C32: Reactive Power Injection in pu(100MVA base) at PoI, 0.95 Lagging, Voltage at POI 1.0 pu | D32: p.u. | E32: 1 | F32: Q_POI | G32: 0.33 | H32: -1.643 | I32: 1.643 | J32: 153.6 MW VEH Green_Hybrid_Koppal Steady State Study Report_V01.PDF | K32: 47 | M32: Net reactive power injection at POI (p.u., 100 MVA base) for 0.95 Lagging PF, 1.0 pu voltage. Expected: ≈+0.3286 p.u. (≈328.6 MVAr for 1000 MW plant). Must meet CEA reactive power requirement.
B33: General | C33: 0.95 Lagging, Voltage at POI 1.0 pu: Inverter P(pu) | D33: p.u. | E33: 1 | F33: P_INV | G33: 0.27 | H33: 0 | I33: 1 | J33: 153.6 MW VEH Green_Hybrid_Koppal Steady State Study Report_V01.PDF | K33: 47 | M33: Inverter active power (p.u.) for 0.95 Lag, 1.0 pu case. Expected: ≈0.990 p.u. Source: PSS/E LF output.
B34: General | C34: 0.95 Lagging, Voltage at POI 1.0 pu: Inverter Q(pu) | D34: p.u. | E34: 1 | F34: Q_INV | G34: 0.28 | H34: -1 | I34: 1 | J34: 153.6 MW VEH Green_Hybrid_Koppal Steady State Study Report_V01.PDF | K34: 47 | M34: Inverter reactive power injection (p.u.) for 0.95 Lag case. Expected: ≈+0.329 p.u. Source: PSS/E LF output. Positive = capacitive (lagging current = leading reactive power injection).
B35: General | C35: 0.95 Lagging, Voltage at POI 1.0 pu: SVG Q(pu) | D35: p.u. | E35: 1 | F35: Q_SVG | G35: 1 | H35: -1 | I35: 1 | J35: 153.6 MW VEH Green_Hybrid_Koppal Steady State Study Report_V01.PDF | K35: 47 | M35: SVG reactive power for 0.95 Lag case. Enter actual value from PSS/E. May be 0 if SVG not dispatched. Source: PSS/E output.
B36: General | C36: 0.95 Lagging, Voltage at POI 1.0 pu: WTG P(pu) | D36: p.u. | E36: 1 | F36: P_WTG | G36: 1 | H36: 0 | I36: 1 | J36: 153.6 MW VEH Green_Hybrid_Koppal Steady State Study Report_V01.PDF | K36: 47 | M36: WTG active power for 0.95 Lag case. Enter 'N/A' if pure solar. Source: PSS/E output.
B37: General | C37: 0.95 Lagging, Voltage at POI 1.0 pu: WTG Q(pu) | D37: p.u. | E37: 1 | F37: Q_WTG | G37: 0.167 | H37: 0 | I37: 1 | J37: 153.6 MW VEH Green_Hybrid_Koppal Steady State Study Report_V01.PDF | K37: 47 | M37: WTG reactive power for 0.95 Lag case. Enter 'N/A' if pure solar. Source: PSS/E output.
A38: 47 | B38: General | C38: Reactive Power Injection in pu(100MVA base) at PoI, Unity pf , Voltage at POI 1.05 pu | D38: p.u. | E38: 1.05 | F38: Q_POI | G38: 0.02 | H38: -1.643 | I38: 0 | J38: 153.6 MW VEH Green_Hybrid_Koppal Steady State Study Report_V01.PDF | K38: 47 | M38: Net Q at POI for Unity PF, 1.05 pu voltage. Expected: ≈0.00 p.u. High voltage scenario – verify plant does not over-inject reactive power. Source: PSS/E output.
A39: 48 | B39: General | C39: Unity PF, Voltage at POI 1.05 pu: Inverter P(pu) | D39: p.u. | E39: 1.05 | F39: P_INV | G39: 0.26 | H39: 0 | I39: 1 | J39: 153.6 MW VEH Green_Hybrid_Koppal Steady State Study Report_V01.PDF | K39: 47 | M39: Inverter P for Unity PF, 1.05 pu case. Source: PSS/E output.
A40: 49 | B40: General | C40: Unity PF, Voltage at POI 1.05 pu: Inverter Q(pu) | D40: p.u. | E40: 1.05 | F40: Q_INV | G40: 0 | H40: -1 | I40: 0 | J40: 153.6 MW VEH Green_Hybrid_Koppal Steady State Study Report_V01.PDF | K40: 47 | M40: Inverter Q for Unity PF, 1.05 pu case. Should be ≈0. Source: PSS/E output.
A41: 51 | B41: General | C41: Unity PF, Voltage at POI 1.05 pu: SVG Q(pu) | D41: p.u. | E41: 1.05 | F41: Q_SVG | G41: 0.7 | H41: -1 | I41: 0 | J41: 153.6 MW VEH Green_Hybrid_Koppal Steady State Study Report_V01.PDF | K41: 47 | M41: SVG Q for Unity PF, 1.05 pu case. Source: PSS/E output.
A42: 52 | B42: General | C42: Unity PF, Voltage at POI 1.05 pu: WTG P(pu) | D42: p.u. | E42: 1.05 | F42: P_WTG | G42: 1 | H42: 0 | I42: 1 | J42: 153.6 MW VEH Green_Hybrid_Koppal Steady State Study Report_V01.PDF | K42: 47 | M42: WTG P for Unity PF, 1.05 pu case. 'N/A' for solar. Source: PSS/E output.
A43: 53 | B43: General | C43: Unity PF, Voltage at POI 1.05 pu: WTG Q(pu) | D43: p.u. | E43: 1.05 | F43: Q_WTG | G43: 0 | H43: 0 | I43: 1 | J43: 153.6 MW VEH Green_Hybrid_Koppal Steady State Study Report_V01.PDF | K43: 47 | M43: WTG Q for Unity PF, 1.05 pu case. 'N/A' for solar. Source: PSS/E output.
A44: 54 | B44: General | C44: Reactive Power Injection in pu(100MVA base) at PoI, 0.95 leading , Voltage at POI 1.05 pu | D44: p.u. | E44: 1.05 | F44: Q_POI | G44: -0.33 | H44: -1.643 | I44: 0 | J44: 153.6 MW VEH Green_Hybrid_Koppal Steady State Study Report_V01.PDF | K44: 47 | M44: Net Q at POI for 0.95 Lead, 1.05 pu voltage. Expected: ≈−0.3286 p.u. This is the most demanding reactive absorption case. Source: PSS/E output.
A45: 55 | B45: General | C45: 0.95 Leading, Voltage at POI 1.05 pu: Inverter P(pu) | D45: p.u. | E45: 1.05 | F45: P_INV | G45: 0.27 | H45: 0 | I45: -1 | J45: 153.6 MW VEH Green_Hybrid_Koppal Steady State Study Report_V01.PDF | K45: 47 | M45: Inverter P for 0.95 Lead, 1.05 pu case. Source: PSS/E output.
A46: 56 | B46: General | C46: 0.95 Leading, Voltage at POI 1.05 pu: Inverter Q(pu) | D46: p.u. | E46: 1.05 | F46: Q_INV | G46: 0 | H46: -1 | I46: 0 | J46: 153.6 MW VEH Green_Hybrid_Koppal Steady State Study Report_V01.PDF | K46: 47 | M46: Inverter Q for 0.95 Lead, 1.05 pu case. Should be ≈−0.329 p.u. (absorption). Source: PSS/E output.
A47: 58 | B47: General | C47: 0.95 Leading, Voltage at POI 1.05 pu: SVG Q(pu) | D47: p.u. | E47: 1.05 | F47: Q_SVG | G47: 0.02 | H47: -1 | I47: 0 | J47: 153.6 MW VEH Green_Hybrid_Koppal Steady State Study Report_V01.PDF | K47: 47 | M47: SVG Q for 0.95 Lead, 1.05 pu case. Source: PSS/E output.
A48: 59 | B48: General | C48: 0.95 Leading, Voltage at POI 1.05 pu: WTG P(pu) | D48: p.u. | E48: 1.05 | F48: P_WTG | G48: 1 | H48: 0 | I48: -1 | J48: 153.6 MW VEH Green_Hybrid_Koppal Steady State Study Report_V01.PDF | K48: 47 | M48: WTG P for 0.95 Lead, 1.05 pu case. 'N/A' for solar. Source: PSS/E output.
A49: 60 | B49: General | C49: 0.95 Leading, Voltage at POI 1.05 pu: WTG Q(pu) | D49: p.u. | E49: 1.05 | F49: Q_WTG | G49: 0 | H49: 0 | I49: -1 | J49: 153.6 MW VEH Green_Hybrid_Koppal Steady State Study Report_V01.PDF | K49: 47 | M49: WTG Q for 0.95 Lead, 1.05 pu case. 'N/A' for solar. Source: PSS/E output.
... A55: 32 | B55: General | C55: 0.95 Leading, Voltage at POI 1.0 pu: WTG Q(pu) | D55: p.u. | E55: 1 | F55: Q_WTG | G55: 0 | H55: 0 | I55: -1 | J55: 153.6 MW VEH Green_Hybrid_Koppal Steady State Study Report_V01.PDF | K55: 47 | M55: WTG reactive power for 0.95 Lead case. 'N/A' for solar. Source: PSS/E output.
A56: 9 | B56: General | C56: Power Transformer Tap position | D56: Tap-Position | G56: Tap 1 | H56: Tap 1 | I56: Tap 1 | J56: 153.6 MW VEH Green_Hybrid_Koppal Steady State Study Report_V01.PDF | K56: 27 | M56: Power transformer tap position used in PSS/E simulations. Must match physical tap setting. Typically 'Tap 1' = nominal. Preferred to remain constant across all scenarios unless otherwise justified.
A57: 10 | B57: General | C57: DTL configuration is as per intimation | D57: Y/N | G57: Yes | H57: NA | I57: NA | J57: 153.6 MW VEH Green_Hybrid_Koppal Steady State Study Report_V01.PDF | K57: 13 | M57: Confirm DTL (Dedicated Transmission Line) configuration in PSS/E model matches CTU's intimation/connectivity approval. Enter 'Yes' or 'No'. Deviations are not allowed.
A58: 11 | B58: General | C58: Inverter P & Q operating points has been kept same | D58: Y/N | G58: Yes | H58: NA | I58: NA | J58: 153.6 MW VEH Green_Hybrid_Koppal Steady State Study Report_V01.PDF | K58: 47 | M58: Confirm inverter P and Q operating points are set identically for given scenario. Not the condition for compliance, but for the information. Enter 'Yes' or 'No'. Inconsistency causes comparison errors.
A61: The Applicant is required to fill in yellow-highlighted cells only. All remaining fields are system-locked and pre-populated for reference.

Sheet TD Requirement-RE
A1: Technical Data Requirement for Renewable Sources
A3: Sr. No. | B3: Category | C3: Description | D3: Submission Status (Submitted) | E3: Name of File/ Folder Name | F3: Remarks | G3: 📝 Developer Guidance / Explanatory Note
A4: 1 | B4: Technical Details - IBR Unit | C4: Technical Datasheet | D4: Submitted | E4: 3. Datasheets of all the equipment | F4: Submitted
A5: 2 | B5: Technical Details - IBR Unit | C5: Reactive Power Capability Curve (PQ, VQ curve) | D5: Submitted | E5: 8. IBR PQ Capability Curve 9. IBR Power Curve (Speed and Irradiance) | F5: Submitted
A6: 3 | B6: Technical Details - IBR Unit | C6: Temperature Derating PQ Curve | D6: Submitted | E6: 11. IBR Temperature Derating | F6: Submitted
A7: 4 | B7: Technical Details - IBR Unit | C7: Operator Manual of IBR unit(s) | D7: Submitted | E7: 12. Single Machines PSSE model and Benchmarking reports 13. Single Machines PSCAD model and Benchmarking reports | F7: Submitted
A8: 5 | B8: Technical Details - IBR Unit | C8: Proposed Protection Settings of IBR unit (in accordance with Grid-India's FTE&I procedure) | D8: Submitted | E8: 5. Controller and Protection Settings | F8: Submitted
A9: 6 | B9: Technical Details - IBR Unit | C9: Actual Protection Settings of IBR unit (in accordance with Grid-India's FTE&I procedure) | D9: Submitted | F9: Submitted
A10: 7 | B10: Single Line Diagram | C10: RE Pooling Station Switchyard (should include 220 kV, 33kV, IBR level SLD) | D10: Submitted | E10: 2. SLDs | F10: Submitted
A11: 8 | B11: Single Line Diagram | C11: Proposed Geographical SLD (shall comprise lengths, location of IBRs, conductor type, rating) | D11: Submitted | E11: H.4-Wind\H.4.4-Transmission Line\H.4.4.1-33kV Transmission Line Route Layout | F11: Submitted
A12: 9 | B12: Equipment details | C12: Technical Datasheet of IBR unit transformer (IDT) | D12: Submitted | E12: 3. Datasheets of all the equipment\H.3-Solar\H.3.4-Inverter Duty Transformer GA GTP | F12: Submitted | G12: Upload manufacturer-provided technical datasheets. Ensure documents are in English and cover ratings, performance curves, and protection settings.
A13: 10 | B13: Equipment details | C13: Nameplate of the IBR unit transformer | D13: Submitted | E13: 3. Datasheets of all the equipment\H.4-Wind\H.4.2-WTG Transformer GA GTP & Schematics | F13: Submitted | G13: Upload manufacturer-provided technical datasheets. Ensure documents are in English and cover ratings, performance curves, and protection settings.
A14: 11 | B14: Equipment details | C14: Technical Datasheet of Power transformer | D14: Submitted | E14: 3. Datasheets of all the equipment\H.5-PSS\H.5.2-Power Transformer | F14: Submitted | G14: Upload manufacturer-provided technical datasheets. Ensure documents are in English and cover ratings, performance curves, and protection settings.
A15: 12 | B15: Equipment details | C15: Nameplate of the Power transformer | D15: Submitted | E15: 3. Datasheets of all the equipment\H.5-PSS\H.5.2-Power Transformer | F15: Submitted | G15: Upload manufacturer-provided technical datasheets. Ensure documents are in English and cover ratings, performance curves, and protection settings.
A16: 13 | B16: Equipment details | C16: Technical Datasheet of cables | D16: Submitted | E16: 3. Datasheets of all the equipment\H.3-Solar\H.3.5-CablesTD_Doc_013.pdf, 3. Datasheets of all the equipment\H.4-Wind\H.4.3-LT 3.3kV Cable GTP (WTG to USS Trafo) | F16: Submitted | G16: Upload manufacturer-provided technical datasheets. Ensure documents are in English and cover ratings, performance curves, and protection settings.
A17: 14 | B17: Equipment details | C17: Technical Datasheet of overhead conductors | D17: Submitted | E17: 3. Datasheets of all the equipment\H.3-Solar\H.3.6-Transmission Line\H.3.6.2-33kV Transmission Line Conductor GTP (Solar), 3. Datasheets of all the equipment\H.4-Wind\H.4.4-Transmission Line\Transmission Line Conductor GTP (Wind), 28. Miscellaneous\Annexure-A\Annexure-A.2-220kV Transmission line Conductor GTP, | F17: Submitted | G17: Upload manufacturer-provided technical datasheets. Ensure documents are in English and cover ratings, performance curves, and protection settings.
A18: 15 | B18: Equipment details | C18: Power Plant Controller (PPC)_MASTER | D18: Submitted | E18: 7. PPC PSCAD User manual | F18: Submitted | G18: Upload manufacturer-provided technical datasheets. Ensure documents are in English and cover ratings, performance curves, and protection settings.
A19: 16 | B19: Equipment details | C19: PPC Model & Make | D19: Submitted | F19: Submitted | G19: Upload manufacturer-provided technical datasheets. Ensure documents are in English and cover ratings, performance curves, and protection settings.
A20: 17 | B20: Equipment details | C20: Technical Datasheet of PPC | D20: Submitted | E20: 6. PPC Philosophy\EIT PPC Controller Datasheet | F20: Submitted | G20: Upload manufacturer-provided technical datasheets. Ensure documents are in English and cover ratings, performance curves, and protection settings.
A21: 18 | B21: Equipment details | C21: Functional description of the PPC and technical functionality document | D21: Submitted | E21: H.5-PSS\H.5.11-PPC | F21: Submitted | G21: Upload manufacturer-provided technical datasheets. Ensure documents are in English and cover ratings, performance curves, and protection settings.
A22: 19 | B22: Equipment details | C22: Operator manual of PPC | D22: Submitted | E22: H.5-PSS\H.5.11-PPC | F22: Submitted | G22: Upload manufacturer-provided technical datasheets. Ensure documents are in English and cover ratings, performance curves, and protection settings.
A23: 20 | B23: Equipment details | C23: Proposed protection setting and control mode of PPC | D23: Submitted | E23: 5. Controller and Protection Settings\4 PPC | F23: Submitted | G23: Upload manufacturer-provided technical datasheets. Ensure documents are in English and cover ratings, performance curves, and protection settings.
A24: 21 | B24: Equipment details | C24: Power Plant Controller (PPC)_SLAVE (if applicable) | D24: Submitted | E24: NA | F24: Submitted | G24: Upload manufacturer-provided technical datasheets. Ensure documents are in English and cover ratings, performance curves, and protection settings.
A25: 22 | B25: Equipment details | C25: PPC Model & Make | D25: Submitted | E25: NA | F25: Submitted | G25: Upload manufacturer-provided technical datasheets. Ensure documents are in English and cover ratings, performance curves, and protection settings.
A26: 23 | B26: Equipment details | C26: Technical Datasheet of PPC | D26: Submitted | E26: NA | F26: Submitted | G26: Upload manufacturer-provided technical datasheets. Ensure documents are in English and cover ratings, performance curves, and protection settings.
A27: 24 | B27: Equipment details | C27: Functional description of the PPC and technical functionality document | D27: Submitted | E27: NA | F27: Submitted | G27: Upload manufacturer-provided technical datasheets. Ensure documents are in English and cover ratings, performance curves, and protection settings.
A28: 25 | B28: Equipment details | C28: Operator manual of PPC | D28: Submitted | E28: NA | F28: Submitted | G28: Upload manufacturer-provided technical datasheets. Ensure documents are in English and cover ratings, performance curves, and protection settings.
A29: 26 | B29: Equipment details | C29: Proposed protection setting and control mode of PPC | D29: Submitted | E29: NA | F29: Submitted | G29: Upload manufacturer-provided technical datasheets. Ensure documents are in English and cover ratings, performance curves, and protection settings.
A30: 27 | B30: Equipment details | C30: Technical Details of SVG | D30: Submitted | E30: 3. Datasheets of all the equipment\H.5-PSS\H.5.1-SVG | F30: Submitted | G30: Upload manufacturer-provided technical datasheets. Ensure documents are in English and cover ratings, performance curves, and protection settings.
A31: 28 | B31: Equipment details | C31: Technical Datasheet of SVG | D31: Submitted | E31: 3. Datasheets of all the equipment\H.5-PSS\H.5.1-SVG | F31: Submitted | G31: Upload manufacturer-provided technical datasheets. Ensure documents are in English and cover ratings, performance curves, and protection settings.
... A33: 30 | B33: Equipment details | C33: Operator Manual of the SVG | D33: Submitted | E33: 12. Single Machines PSSE model and Benchmarking reports\3 SVG | F33: Submitted | G33: Upload manufacturer-provided Operational Manual. Ensure documents are in English and cover ratings, performance curves, and protection settings.
A34: 31 | B34: Equipment details | C34: Nameplate of SVG | D34: Submitted | E34: 3. Datasheets of all the equipment\H.5-PSS\H.5.1-SVG | F34: Submitted
A35: 32 | B35: Equipment details | C35: Line Length | D35: Submitted | E35: H.4-Wind\H.4.4-Transmission Line\H.4.4.1-33kV Transmission Line Route Layout | F35: Submitted
A36: 33 | B36: Certification & Unit level testing to be furnished by the entity | C36: Type Certification | D36: Submitted | E36: 4. IBR EvaluationType Test Reports and SoC | F36: Submitted | G36: These are type test / certification reports from accredited labs. For each test, attach the full test report PDF.
A37: 34 | B37: Certification & Unit level testing to be furnished by the entity | C37: Type Certificate of single WTG Unit(s) | D37: Submitted | E37: 4. IBR EvaluationType Test Reports and SoC\2 WTG | F37: Submitted | G37: These are type test / certification reports from accredited labs. For each test, attach the full test report PDF.
A38: 35 | B38: Certification & Unit level testing to be furnished by the entity | C38: Type Test Report for Inverter / WTG (Tests to be covered as per CEA Connectivity Standards) | D38: Submitted | E38: 4. IBR EvaluationType Test Reports and SoC\2 WTG | F38: Submitted | G38: These are type test / certification reports from accredited labs. For each test, attach the full test report PDF.
A39: 36 | B39: Certification & Unit level testing to be furnished by the entity | C39: Harmonics | D39: Submitted | E39: 4. IBR EvaluationType Test Reports and SoC | F39: Submitted | G39: These are type test / certification reports from accredited labs. For each test, attach the full test report PDF.
A40: 37 | B40: Certification & Unit level testing to be furnished by the entity | C40: DC Current Injection | D40: Submitted | E40: 4. IBR EvaluationType Test Reports and SoC | F40: Submitted | G40: These are type test / certification reports from accredited labs. For each test, attach the full test report PDF.
A41: 38 | B41: Certification & Unit level testing to be furnished by the entity | C41: Flicker | D41: Submitted | E41: 4. IBR EvaluationType Test Reports and SoC | F41: Submitted | G41: These are type test / certification reports from accredited labs. For each test, attach the full test report PDF.
A42: 39 | B42: Certification & Unit level testing to be furnished by the entity | C42: PQ Capability Test | D42: Submitted | E42: 4. IBR EvaluationType Test Reports and SoC | F42: Submitted | G42: These are type test / certification reports from accredited labs. For each test, attach the full test report PDF.
A43: 40 | B43: Certification & Unit level testing to be furnished by the entity | C43: Capable to operate in frequency range: 47.5 Hz to 52 Hz with +/-5% voltage variation | D43: Submitted | E43: 4. IBR EvaluationType Test Reports and SoC | F43: Submitted | G43: These are type test / certification reports from accredited labs. For each test, attach the full test report PDF.
A44: 41 | B44: Certification & Unit level testing to be furnished by the entity | C44: Capable to provide rated output in frequency range of 49.5 Hz to 50.5 Hz with +/-5% voltage variation | D44: Submitted | E44: 4. IBR EvaluationType Test Reports and SoC | F44: Submitted | G44: These are type test / certification reports from accredited labs. For each test, attach the full test report PDF.
A45: 42 | B45: Certification & Unit level testing to be furnished by the entity | C45: LVRT (Shall include details of Id & Iq calculation principles for LVRT & HVRT) | D45: Submitted | E45: 4. IBR EvaluationType Test Reports and SoC | F45: Submitted | G45: These are type test / certification reports from accredited labs. For each test, attach the full test report PDF.
A46: 43 | B46: Certification & Unit level testing to be furnished by the entity | C46: Active power control feature and Rate of change of active power | D46: Submitted | E46: 4. IBR EvaluationType Test Reports and SoC | F46: Submitted | G46: These are type test / certification reports from accredited labs. For each test, attach the full test report PDF.
A47: 44 | B47: Certification & Unit level testing to be furnished by the entity | C47: Primary Frequency Response (PFR) | D47: Submitted | E47: 4. IBR EvaluationType Test Reports and SoC | F47: Submitted | G47: These are type test / certification reports from accredited labs. For each test, attach the full test report PDF.
... A64: 61 | B64: Unit Level Reports (Inverter) | C64: Unit level Reactive power Capability curve alongwith temperature derating curve & QV curve | D64: Submitted | E64: 3. Datasheets of all the equipment\H.3-Solar\H.3.2-Inverter | F64: Submitted | G64: OEM-provided unit-level model files and reports for the inverter/IBR.
A65: 62 | B65: Unit Level Reports (Inverter) | C65: Unit level Statement of Compliance (if applicable) | D65: Submitted | E65: 4. IBR EvaluationType Test Reports and SoC\1 Inverter | F65: Submitted
A66: 63 | B66: Unit Level Reports (Inverter) | C66: Unit level Evaluation report (if applicable) | D66: Submitted | E66: 4. IBR EvaluationType Test Reports and SoC\1 Inverter | F66: Submitted
A67: 64 | B67: Unit Level Reports (Inverter) | C67: Unit level Test report | D67: Submitted | E67: 4. IBR EvaluationType Test Reports and SoC\1 Inverter | F67: Submitted
A68: 65 | B68: Unit Level Reports (Inverter) | C68: Unit level PSCAD User manual | D68: Submitted | E68: 13. Single Machines PSCAD model and Benchmarking reports\1 Inverter | F68: Submitted
A69: 66 | B69: Unit Level Reports (Inverter) | C69: Operator Manual of IBR unit(s) | D69: Submitted | E69: 13. Single Machines PSCAD model and Benchmarking reports\1 Inverter | F69: Submitted
A70: 67 | B70: Unit Level Reports (Inverter) | C70: Unit level benchmarking report (PSS/E) | D70: Submitted | E70: 12. Single Machines PSSE model and Benchmarking reports\1 Inverter | F70: Submitted
A71: 68 | B71: Unit Level Reports (Inverter) | C71: Unit level benchmarking report (PSCAD) | D71: Submitted | E71: 13. Single Machines PSCAD model and Benchmarking reports\1 Inverter | F71: Submitted
A72: 69 | B72: Unit Level Reports (Inverter) | C72: Unit level comparison report (PSS/E,PSCAD & Test results) | D72: Submitted | E72: 13. Single Machines PSCAD model and Benchmarking reports\1 Inverter | F72: Submitted
A73: 70 | B73: Unit Level Reports [SVG (if applicable)] | C73: Technical datasheet | D73: Submitted | E73: 3. Datasheets of all the equipment\H.5-PSS\H.5.1-SVG | F73: Submitted
A74: 71 | B74: Unit Level Reports [SVG (if applicable)] | C74: PQ Capability curve alongwith derating curve | D74: Submitted | E74: 8. IBR PQ Capability Curve\3 SVG 11. IBR Temperature Derating\3 SVG | F74: Submitted
A75: 72 | B75: Unit Level Reports [SVG (if applicable)] | C75: Unit level Statement of Compliance (if applicable) | D75: Submitted | E75: 4. IBR EvaluationType Test Reports and SoC\3 SVG | F75: Submitted
A76: 73 | B76: Unit Level Reports [SVG (if applicable)] | C76: Unit level Evaluation report(if applicable) | D76: Submitted | E76: 4. IBR EvaluationType Test Reports and SoC\3 SVG | F76: Submitted
... A104: 101 | B104: PPC | C104: Plant specific PPC methodology | D104: Submitted | E104: 6. PPC Philosophy | F104: Submitted
A105: 102 | B105: PPC | C105: PPC Hardware-In-Loop Test Report (if available) | D105: Submitted | F105: Submitted
A106: 103 | B106: Plant Level Study Reports | C106: Steady State Simulation Report | D106: Submitted | E106: 15. PSSE Steady State Report\153.6 MW VEH Green_Hybrid_Koppal Steady State Study Report_V01.PDF | F106: Submitted
A107: 104 | B107: Plant Level Study Reports | C107: PSSE Dynamic Simulation Report | D107: Submitted | E107: 17. PSSE Dynamic Report\153.6 MW VEH Green_Hybrid_Koppal PSSE Model Study Report_V02.pdf | F107: Submitted
A108: 105 | B108: Plant Level Study Reports | C108: Power Quality Simulation Report | D108: Submitted | E108: 20. PSCAD Power Quality Report\Power_Quality_Report_VEH_Rev_B.pdf | F108: Submitted
A109: 106 | B109: Plant Level Study Reports | C109: PSCAD Dynamic Simulation Report | D109: Submitted | E109: 22. PSCAD Dynamic Report\VEH_153.6MW_PSCAD_DYNAMICS_REPORT_RevC.pdf | F109: Submitted
A110: 107 | B110: Plant Level Study Reports | C110: PSSE & PSCAD comparision Report | D110: Submitted | E110: 23. PSSE PSCAD Plant level Benchmarking Report\153.6 MW VEH Green_Hybrid_Koppal PSSE PSCAD Plant level Benchmarking Report_V01.pdf | F110: Submitted
A111: 108 | B111: Plant Level RMS Files (PSS/E) | C111: Steady State file name for detailed model (.SAV) : Voltage = 1.0 , 0.95 lag | D111: Submitted | E111: 14. PSSE Detailed Model\01 Hybrid\W SVG\1 PU\153.6 MW VEH_Hybrid_A3.sav | F111: Submitted
A112: 109 | B112: Plant Level RMS Files (PSS/E) | C112: Steady State file name for detailed model (.SAV) :Voltage = 0.95 , 0.95 lag | D112: Submitted | E112: 14. PSSE Detailed Model\01 Hybrid\W SVG\0.95 PU\153.6 MW VEH_Hybrid_B3.sav | F112: Submitted
A113: 110 | B113: Plant Level RMS Files (PSS/E) | C113: Steady State file name for detailed model (.SAV) :Voltage = 1.05, UPF | D113: Submitted | E113: 14. PSSE Detailed Model\01 Hybrid\W SVG\1.05 PU\153.6 MW VEH_Hybrid_C1.sav | F113: Submitted
A114: 111 | B114: Plant Level RMS Files (PSS/E) | C114: Steady State file name for detailed model (.SAV) :Voltage = 1.0, UPF | D114: Submitted | E114: 14. PSSE Detailed Model\01 Hybrid\W SVG\1 PU\153.6 MW VEH_Hybrid_A1.sav | F114: Submitted
A115: 112 | B115: Plant Level RMS Files (PSS/E) | C115: Steady State file name for detailed model (.SAV) :Voltage = 0.95, UPF | D115: Submitted | E115: 14. PSSE Detailed Model\01 Hybrid\W SVG\0.95 PU\153.6 MW VEH_Hybrid_B1.sav | F115: Submitted
A116: 113 | B116: Plant Level RMS Files (PSS/E) | C116: Steady State file name for detailed model (.SAV) :Voltage = 1.0 , 0.95 lead | D116: Submitted | E116: 14. PSSE Detailed Model\01 Hybrid\W SVG\1 PU\153.6 MW VEH_Hybrid_A4.sav | F116: Submitted
A117: 114 | B117: Plant Level RMS Files (PSS/E) | C117: Steady State file name for detailed model (.SAV) :Voltage = 1.05 , 0.95 lead | D117: Submitted | E117: 14. PSSE Detailed Model\01 Hybrid\W SVG\1.05 PU\153.6 MW VEH_Hybrid_C4.sav | F117: Submitted
... A142: 139 | B142: Plant Level EMT Models(PSCAD) | C142: Python files for EMT Simulation Batch Processing | D142: Submitted | E142: 21. PSCAD Equivalent Model\VEH.pswx | F142: Submitted
A146: The Applicant is required to fill in yellow-highlighted cells only. All remaining fields are system-locked and pre-populated for reference.

Sheet Power Quality
A1: Power Quality Requirement for Renewable Energy Sources
A3: Sl No | B3: Category | C3: Description | D3: Harmonic Category | E3: Unit | F3: Value Observed | G3: Limit | H3: Ref Document-1 | I3: Page number of the document-Ref-1 | J3: Remarks | K3: 📝 Developer Guidance / Explanatory Note
A4: 1 | B4: General | C4: Short circuit level received input from CTU/RLDC | D4: SCMVA_grid | E4: MVA | F4: 16893.53 | G4: NA | H4: 26. Technical note and explanations by developers & OEMs\Mail Ref_Actual shot circuit MVA of Koppal-II | I4: 1 | J4: Short circuit data from CTU | K4: Short Circuit Level (SCL) at POI in MVA. Obtain this value from CTU/RLDC via a formal letter or email. Do NOT estimate. Enter the value from CTU SCL communication.
A5: 2 | B5: General | C5: Thevenin Impedance Received from CTU/RLDC | D5: Zgrid | E5: Ohm | F5: 2.865 | G5: NA | H5: 26. Technical note and explanations by developers & OEMs\Mail Ref_Actual shot circuit MVA of Koppal-II | I5: 1 | J5: Short circuit data from CTU | K5: Thevenin impedance at POI received from CTU/RLDC. Enter in complex form: 'R+jX Ohm'. Example: '3+4J'. Source: CTU SCL communication letter or email. Required for harmonic load flow setup.
A6: 3 | B6: Harmonics | C6: Harmonic current injections are as per test report (PSCAD model) | E6: Y/N | F6: Yes | G6: NA | H6: 20. PSCAD Power Quality Report\Power_Quality_Report_VEH_Rev_B | I6: 8 | J6: PSCAD model harmonics within limits | K6: Verify that harmonic current injections used in the PSCAD model match the type test report data for each 10% power bin. Enter 'Yes' if verified, 'No' if not. Attach Harmonic Study Report.
A7: 4 | B7: Harmonics | C7: Harmonic load flow achieved or solved | E7: Y/N | F7: Yes | G7: NA | H7: 20. PSCAD Power Quality Report\Power_Quality_Report_VEH_Rev_B | I7: 20 | J7: Harmonic LF converged | K7: Confirm the harmonic load flow simulation converged (solved). Enter 'Yes' if converged, 'No' if diverged. If 'No', revise model and re-run. Attach final converged study report.
A8: 5 | B8: Harmonics | C8: Unit level test report contain harmonic spectrum for each 10% active power bin | E8: Y/N | F8: Yes | G8: NA | H8: Type Test Report.pdf | I8: 22 | J8: Spectra for each 10% power bin | K8: Confirm the unit-level type test report contains harmonic spectrum (current THD at each harmonic order) for each 10% power bin from 10% to 100%. Enter 'Yes' or 'No'. Mandatory per CEA Connectivity Standards.
A9: 6 | B9: Harmonics | C9: Maximum Harmonic Current Distortion (TDD) | D9: TDD (max) | E9: % | F9: 1.179 | G9: 0.015 | H9: 20. PSCAD Power Quality Report\Power_Quality_Report_VEH_Rev_B | I9: 29 | J9: Below 1.5% limit ✓ | K9: Enter the maximum Total Demand Distortion (TDD) value observed in harmonic load flow study as a percentage. Limit: ≤1.5%. Example: 1.1%. Source: PSCAD harmonic study report. Must be below limit.
A10: 7 | B10: Harmonics | C10: TDD- 2, 4, 6 : Maximum Observed Among All Cases | D10: h = 2,4,6 | E10: % | F10: 0.003945 | G10: 0.005 | H10: 20. PSCAD Power Quality Report\Power_Quality_Report_VEH_Rev_B | I10: 32 | J10: Below 0.5% limit ✓ | K10: TDD for even harmonics (orders 2, 4, 6). Enter value in %. Limit: ≤0.5%. Source: Harmonic Study Report.
A11: 8 | B11: Harmonics | C11: TDD - 2≤h<11(except 2, 4 & 6) : Maximum Observed Among All Cases | D11: 2< h <11 (except for 2,4,6) | E11: % | F11: 0.009431 | G11: 0.01 | H11: 20. PSCAD Power Quality Report\Power_Quality_Report_VEH_Rev_B | I11: 32 | J11: Below 1.0% limit ✓ | K11: TDD for harmonic orders 2 ≤ h < 11. Enter value in %. CEA Limit: ≤1.0%. Source: Harmonic Study Report. Example: 0.7%.
A12: 9 | B12: Harmonics | C12: TDD - 11≤h<17 : Maximum Observed Among All Cases | D12: 11≤h<17 | E12: % | F12: 0.000735 | G12: 0.005 | H12: 20. PSCAD Power Quality Report\Power_Quality_Report_VEH_Rev_B | I12: 32 | J12: Below 0.5% limit ✓ | K12: TDD for harmonic orders 11 ≤ h < 17. Enter value in %. CEA Limit: ≤0.5%. Source: Harmonic Study Report. Example: 0.3%.
A13: 10 | B13: Harmonics | C13: TDD - 17≤h<23 : Maximum Observed Among All Cases | D13: 17≤h<23 | E13: % | F13: 0.00269 | G13: 0.0038 | H13: 20. PSCAD Power Quality Report\Power_Quality_Report_VEH_Rev_B | I13: 32 | J13: Below 0.38% limit ✓ | K13: TDD for harmonic orders 17 ≤ h < 23. Enter value in %. CEA Limit: ≤0.38%. Source: Harmonic Study Report. Example: 0.22%.
A14: 11 | B14: Harmonics | C14: TDD - 23≤h<35 : Maximum Observed Among All Cases | D14: 23≤h<35 | E14: % | F14: 0.000851 | G14: 0.0015 | H14: 20. PSCAD Power Quality Report\Power_Quality_Report_VEH_Rev_B | I14: 32 | J14: Below 0.1% limit ✓ | K14: TDD for harmonic orders 23 ≤ h < 35. Enter value in %. CEA Limit: ≤0.15%. Source: Harmonic Study Report. Example: 0.06%.
A15: 12 | B15: Harmonics | C15: TDD - 35≤h<50 : Maximum Observed Among All Cases | D15: 35≤h<50 | E15: % | F15: 9.92e-05 | G15: 0.001 | H15: 20. PSCAD Power Quality Report\Power_Quality_Report_VEH_Rev_B | I15: 32 | J15: h>=35 band – no limit defined | K15: TDD for harmonic orders 35 ≤ h < 50. Enter value in %. CEA Limit: ≤0.10%. Source: Harmonic Study Report. Typically very small (< 0.05%).
A16: 13 | B16: DC Injection | C16: DC Injection Current Observed : Maximum Observed Among All Cases | D16: h = 0 (DC) | E16: % | F16: 0.00024 | G16: 0.005 | H16: 20. PSCAD Power Quality Report\Power_Quality_Report_VEH_Rev_B | I16: 9 | J16: Below 0.5% limit ✓ | K16: DC Current Injection as a percentage of rated AC current at POI. CEA Limit: ≤0.5%. Verify from type test report or simulation. Example: 0.18%. Source: DC Injection Test Report.
A17: 14 | B17: Flicker | C17: Flicker - Short Term Limit | D17: Flicker (St) | E17: NA | F17: 0.001 | G17: 0.01 | H17: 20. PSCAD Power Quality Report\Power_Quality_Report_VEH_Rev_B | I17: 11 | J17: Pst = 0.52 ≤ 0.8 ✓ | K17: Short-Term Flicker severity index (Pst) at POI. CEA Limit: Pst ≤ 1.0.Source: Flicker measurement or calculation/simulation report.
A18: 15 | B18: Flicker | C18: Flicker - Long Term Limit | D18: Flicker (Lt) | E18: NA | F18: 0.001 | G18: 0.008 | H18: 20. PSCAD Power Quality Report\Power_Quality_Report_VEH_Rev_B | I18: 11 | J18: Plt = 0.41 ≤ 0.6 ✓ | K18: Long-Term Flicker severity index (Plt) at POI. CEA Limit: Plt ≤ 0.8. Typical value: 0.3–0.5. Source: Flicker test/simulation report.
A19: 16 | B19: Voltage Unbalance | C19: Voltage Unbalance as per IEC 61000-4-30 | E19: % | F19: 0.7 | G19: 1.5 | H19: Voltage Measurement Report.pdf | I19: 7 | J19: ≤1% per IEC 61000-4-30 ✓ | K19: Voltage Unbalance at POI measured per IEC 61000-4-30. CEA Limit: ≤1.5% (typically ≤1.0% per IEC). Enter measured/simulated value. Source: Power Quality measurement report.
A20: 17 | B20: Harmonics | C20: Inter-harmonic measurement data submitted (OPTIONAL) | D20: h = 0.5,1.5,2.5,3.5,…. | E20: Y/N | F20: Submitted | H20: Inter-harmonic Report | I20: 3 | J20: Optional – voluntarily submitted | K20: Optional submission. If inter-harmonic measurement data is available from type test, submit the report. Enter 'Submitted' if provided, or 'Not Submitted' if not measured. No mandatory limit.
A24: The Applicant is required to fill in yellow-highlighted cells only. All remaining fields are system-locked and pre-populated for reference.

Sheet Dynamic Data-RE
A1: Dynamics Simulation Data for Renewable Energy Sources
A3: Sl No | B3: Category | C3: Voltage Dip/Swell Depth | D3: Description | E3: Notation of Measured Electrical Quantities | F3: Unit / Data Type | G3: Value Observed (PSSE) | H3: Value Observed (PSCAD) | I3: Lower Limit(Mag) | J3: Upper Limit(Mag) | K3: Document Name | L3: Page number of the document | M3: 📝 Developer Guidance / Explanatory Note | N3: Visual Representation
A4: 1 | B4: LVRT/HVRT | D4: Is tripping of Inverter/WTG/PCS/SVG observed during in any LVRT/HVRT case? | F4: Yes/No | G4: No | H4: No | I4: NA | J4: NA | K4: Annexure PSSE Model Study Response for Hybrid Operation.pdf | M4: Dynamic check: Did any inverter/WTG/SVG trip (disconnect) during LVRT or HVRT simulation? Expected answer: 'No'. If 'Yes', identify the cause (protection settings, model error) and fix before submission.
A5: 2 | B5: General/Unit Level | D5: Are Id(direct-axis current) & Iq (quadrature-axis current) are as per equipment Fault Ride-Through(FRT) logic? | F5: Yes/No | G5: No | H5: No | I5: NA | J5: NA | K5: Annexure PSSE Model Study Response for Hybrid Operation.pdf | M5: Verify that Id (direct-axis current) and Iq (quadrature-axis current) responses in simulation match the FRT control logic specified in OEM firmware. Expected: 'Yes'. Source: PSSE & PSCAD Dynamics Report.
A6: 3 | B6: General/Unit Level | D6: Parameters as per Firmware/Benchmarking/Simulations are Aligned | F6: Yes/No | G6: No | H6: No | I6: NA | J6: NA | K6: Annexure PSSE Model Study Response for Hybrid Operation.pdf | M6: Confirm that model parameters (K-factor, time constants, thresholds) are consistent between firmware documentation, benchmarking reports, and simulation models (PSS/E and PSCAD). Expected: 'Yes'. Discrepancies must be resolved.
A7: 4 | B7: LVRT/HVRT | C7: V=15% | D7: Incremental Reactive Current Injection of Inverter - Minimum among all aggregated inverters Voltage Dip 0.15 pu | 100% P | Symmetrical | Solar | E7: Del_Iq | F7: p.u. | G7: 0.101666 | H7: 0.5898 | I7: 0 | J7: =1 -> 1 | K7: Annexure PSSE Model Study Response for Hybrid Operation.pdf | L7: 122 | M7: Incremental Reactive Current injection (ΔIq in p.u.) by the inverter during 0.15 p.u. voltage dip (severe LVRT, 3-phase symmetrical fault), at 100% active power dispatch. Lower limit: >0.001 p.u. (must show reactive support). Source: PSS/E dynamics run, LVRT test case.
A8: 5 | B8: LVRT/HVRT | C8: V=15% | D8: Total Reactive Current support - Minimum among all inverters Voltage Dip 0.15 pu | 100% P | Symmetrical | Solar | E8: Iq_f = Iq_pref + Del_Iq | F8: p.u. | G8: 0.336925 | H8: =0.0018+0.5898 -> 0.5916 | I8: -1 | J8: 1 | K8: Annexure PSSE Model Study Response for Hybrid Operation.pdf | L8: 122 | M8: Total reactive current at the inverter terminal during the 0.15 pu LVRT case. Addition of pre-fault current and incremental current.Enter minimum value amongst the all feeders/inverters.
A9: 6 | B9: LVRT/HVRT | C9: V=15% | D9: Active Current of Inverter - Maximum among all inverters Voltage Dip 0.15 pu | 100% P | Symmetrical | Solar | E9: Id_INV_max | F9: p.u. | G9: 0.869635 | H9: 0.2744 | I9: 0 | J9: 1 | K9: Annexure PSSE Model Study Response for Hybrid Operation.pdf | L9: 122 | M9: Active current (Id in p.u.) of inverter during the same 0.15 pu LVRT case. Active current may reduces during LVRT to prioritize reactive support. Lower limit: >0.001. Source: PSS/E dynamics report.
A10: 7 | B10: LVRT/HVRT | C10: V=15% | D10: Total Apparant Current of Inverter - Maximum among all inverters Voltage Dip 0.15 pu | 100% P | Symmetrical | Solar | E10: Irms_3PH_INV_max | F10: p.u. | G10: 0.93711101 | H10: 0.2747 | I10: 0 | J10: 1 | K10: Annexure PSSE Model Study Response for Hybrid Operation.pdf | L10: 122 | M10: Total Apparant current (I in p.u.) of inverter during the same 0.15 pu LVRT case. Apparent current should be close to 1. Source: PSS/E dynamics report.
A11: 8 | B11: LVRT/HVRT | C11: V=15% | D11: Active Power Recovery within 1 second of Fault Clearance Voltage Dip 0.15 pu | 100% P | Symmetrical | Solar | E11: P_post_LVRT_1sec | F11: % | G11: 93.2 | H11: 0.269 | I11: 90 | J11: 90 | K11: Annexure PSSE Model Study Response for Hybrid Operation.pdf | L11: 122 | M11: % of pre-fault active power restored within 1 second of fault clearance (LVRT 0.15 pu, 100% P, symmetrical). CEA requirement: ≥90% recovery within 1 second. Source: PSS/E post-fault response curve.
A12: 9 | B12: LVRT/HVRT | C12: V=15% | D12: Incremental Reactive Current Injection of WTG Voltage Dip 0.15 pu | 100% P | Symmetrical | WTG | E12: Del_Iq | F12: p.u. | G12: 1.029935 | H12: 0.8673 | I12: 0 | J12: 1 | K12: Annexure PSSE Model Study Response for Hybrid Operation.pdf | L12: 124 | M12: Incremental Reactive Current injection (ΔIq in p.u.) by the WTG during 0.15 p.u. voltage dip (severe LVRT, 3-phase symmetrical fault), at 100% active power dispatch. Lower limit: >0.001 p.u. (must show reactive support). Source: PSS/E dynamics run, LVRT test case.
A13: 10 | B13: LVRT/HVRT | C13: V=15% | D13: Total Reactive Current support of WTG Voltage Dip 0.15 pu | 100% P | Symmetrical | WTG | E13: Iq_f = Iq_pref + Del_Iq | F13: p.u. | G13: 1.1 | H13: =0.0027+0.8673 -> 0.87 | I13: -1 | J13: 1 | K13: Annexure PSSE Model Study Response for Hybrid Operation.pdf | L13: 124 | M13: Total reactive current at the WTG terminal during the 0.15 pu LVRT case. Addition of pre-fault current and incremental current.
A14: 11 | B14: LVRT/HVRT | C14: V=15% | D14: Active Current of Inverter of WTG Voltage Dip 0.15 pu | 100% P | Symmetrical | WTG | E14: Id_WTG | F14: p.u. | G14: 1e-06 | H14: 0.4418 | I14: 0.001 | J14: 1 | K14: Annexure PSSE Model Study Response for Hybrid Operation.pdf | L14: 124 | M14: Active current (Id in p.u.) of WTG during the same 0.15 pu LVRT case. Active current may reduces during LVRT to prioritize reactive support. Lower limit: >0.001. Source: PSS/E dynamics report.
A15: 12 | B15: LVRT/HVRT | C15: V=15% | D15: Total Apparant Current of WTG Voltage Dip 0.15 pu | 100% P | Symmetrical | WTG | E15: Irms_3PH_WTG | F15: p.u. | G15: 1.1 | H15: 0.9427 | I15: 0.001 | J15: 1 | K15: Annexure PSSE Model Study Response for Hybrid Operation.pdf | L15: 124 | M15: Total Apparant current (I in p.u.) of WTG during the same 0.15 pu LVRT case. Apparent current should be close to 1. Source: PSS/E & PSCAD dynamics report.
A16: 13 | B16: LVRT/HVRT | C16: V=15% | D16: Active Power Recovery within 1 second of Fault Clearance Voltage Dip 0.15 pu | 100% P | Symmetrical | WTG | E16: P_post_LVRT_1sec | F16: % | G16: 93.2 | H16: 0.9512 | I16: 90 | J16: 90 | K16: Annexure PSSE Model Study Response for Hybrid Operation.pdf | L16: 124 | M16: % of pre-fault active power restored within 1 second of fault clearance (LVRT 0.15 pu, 100% P, symmetrical). CEA requirement: ≥90% recovery within 1 second. Source: PSS/E & PSCAD post-fault response curve.
A17: 14 | B17: LVRT/HVRT | C17: V=15% | D17: Incremental Reactive Current Injection of SVG Voltage Dip 0.15 pu | 100% P | Symmetrical | SVG | E17: Del_Iq | F17: p.u. | G17: 0.6 | H17: 0.2915 | I17: 0 | J17: 1 | K17: Annexure PSSE Model Study Response for Hybrid Operation.pdf | L17: 123 | M17: Incremental Reactive Current injection (ΔIq in p.u.) by the SVG during 0.15 p.u. voltage dip (severe LVRT, 3-phase symmetrical fault), at 100% active power dispatch. Lower limit: >0.001 p.u. (must show reactive support). Source: PSS/E dynamics run, LVRT test case.
A18: 15 | B18: LVRT/HVRT | C18: V=15% | D18: Total Reactive Current support of SVG Voltage Dip 0.15 pu | 100% P | Symmetrical | SVG | E18: Iq_f = Iq_pref + Del_Iq | F18: p.u. | G18: 0.586696 | H18: =0.7985+0.2915 -> 1.09 | I18: -1 | J18: 1 | K18: Annexure PSSE Model Study Response for Hybrid Operation.pdf | L18: 123 | M18: Total reactive current at the SVG terminal during the 0.15 pu LVRT case. Addition of pre-fault current and incremental current.
A19: 16 | B19: LVRT/HVRT | C19: V=15% | D19: Incremental Reactive Current Injection of PCS/BESS Voltage Dip 0.15 pu | 100% P | Symmetrical | PCS/BESS | E19: Del_Iq | F19: p.u. | G19: N.A | H19: NA | I19: 0 | J19: 1 | K19: N.A | L19: N.A | M19: Incremental Reactive Current injection (ΔIq in p.u.) by the PCS/BESS during 0.15 p.u. voltage dip (severe LVRT, 3-phase symmetrical fault), at 100% active power dispatch. Lower limit: >0.001 p.u. (must show reactive support). Source: PSS/E dynamics run, LVRT test case.
A20: 17 | B20: LVRT/HVRT | C20: V=15% | D20: Total Reactive Current support of PCS/BESS Voltage Dip 0.15 pu | 100% P | Symmetrical | PCS/BESS | E20: Iq_f = Iq_pref + Del_Iq | F20: p.u. | G20: N.A | H20: NA | I20: -1 | J20: 1 | K20: N.A | L20: N.A | M20: Total reactive current at the PCS/BESS terminal during the 0.15 pu LVRT case. Addition of pre-fault current and incremental current.
A21: 18 | B21: LVRT/HVRT | C21: V=15% | D21: Active Current of Inverter of PCS/BESS Voltage Dip 0.15 pu | 100% P | Symmetrical | PCS/BESS | E21: Id_PCS | F21: p.u. | G21: N.A | H21: NA | I21: 0.001 | J21: 1 | K21: N.A | L21: N.A | M21: Active current (Id in p.u.) of inverter during the same 0.15 pu LVRT case. Active current may reduces during LVRT to prioritize reactive support. Lower limit: >0.001. Source: PSS/E dynamics report.
A22: 19 | B22: LVRT/HVRT | C22: V=15% | D22: Total Apparant Current of PCS/BESS Voltage Dip 0.15 pu | 100% P | Symmetrical | PCS/BESS | E22: Irms_3PH_PCS | F22: p.u. | G22: N.A | H22: NA | I22: 0.001 | J22: 1 | K22: N.A | L22: N.A | M22: Total Apparant current (I in p.u.) of Power Conversion System during the same 0.15 pu LVRT case. Apparent current should be close to 1. Source: PSS/E dynamics report.
A23: 20 | B23: LVRT/HVRT | C23: V=15% | D23: Incremental Reactive Power Injection at Plant Voltage Dip 0.15 pu | 100% P | Symmetrical | Plant | E23: Del_Q | F23: p.u. | G23: 42.29461 | H23: 0.12 | I23: 0.001 | J23: 1 | K23: Annexure PSSE Model Study Response for Hybrid Operation.pdf | L23: 121 | M23: Incremental reactive power (MVAr) injected by the inverter during the 0.15 pu LVRT case. Proportional to voltage dip magnitude and K-factor. Should be positive and substantial. Source: PSS/E dynamics report.
A24: 21 | B24: LVRT/HVRT | C24: V=50% | D24: Incremental Reactive Current Injection of Inverter - Minimum among all aggregated inverters Voltage Dip 0.50 pu | 100% P | Symmetrical | Solar | E24: Del_Iq | F24: p.u. | G24: 1.7551372 | H24: 0.3258 | I24: 0 | J24: =1 -> 1 | K24: Annexure PSSE Model Study Response for Hybrid Operation.pdf | L24: 118 | M24: Incremental Reactive Current injection (ΔIq in p.u.) by the inverter during 0.50 p.u. voltage dip (severe LVRT, 3-phase symmetrical fault), at 100% active power dispatch. Lower limit: >0.001 p.u. (must show reactive support). Source: PSS/E dynamics run, LVRT test case.
A25: 22 | B25: LVRT/HVRT | C25: V=50% | D25: Total Reactive Current support - Minimum among all inverters Voltage Dip 0.50 pu | 100% P | Symmetrical | Solar | E25: Iq_f = Iq_pref + Del_Iq | F25: p.u. | G25: 0.052422 | H25: =0.001+0.3258 -> 0.3268 | I25: -1 | J25: 1 | K25: Annexure PSSE Model Study Response for Hybrid Operation.pdf | L25: 118 | M25: Total reactive current at the inverter terminal during the 0.50 pu LVRT case. Addition of pre-fault current and incremental current.Enter minimum value amongst the all feeders/inverters.
A26: 23 | B26: LVRT/HVRT | C26: V=50% | D26: Active Current of Inverter - Maximum among all inverters Voltage Dip 0.50 pu | 100% P | Symmetrical | Solar | E26: Id_INV_max | F26: p.u. | G26: 0.287681 | H26: 0.274 | I26: 0 | J26: 1 | K26: Annexure PSSE Model Study Response for Hybrid Operation.pdf | L26: 118 | M26: Active current (Id in p.u.) of inverter during the same 0.50 pu LVRT case. Active current may reduces during LVRT to prioritize reactive support. Lower limit: >0.001. Source: PSS/E dynamics report.
A27: 24 | B27: LVRT/HVRT | C27: V=50% | D27: Total Apparant Current of Inverter - Maximum among all inverters Voltage Dip 0.50 pu | 100% P | Symmetrical | Solar | E27: Irms_3PH_INV_max | F27: p.u. | G27: 0.543432 | H27: 0.273 | I27: 0 | J27: 1 | K27: Annexure PSSE Model Study Response for Hybrid Operation.pdf | L27: 118 | M27: Total Apparant current (I in p.u.) of inverter during the same 0.50 pu LVRT case. Apparent current should be close to 1. Source: PSS/E dynamics report.
A28: 25 | B28: LVRT/HVRT | C28: V=50% | D28: Active Power Recovery within 1 second of Fault Clearance Voltage Dip 0.50 pu | 100% P | Symmetrical | Solar | E28: P_post_LVRT_1sec | F28: % | G28: 0.61739938 | H28: 0.269 | I28: 90 | J28: 90 | K28: Annexure PSSE Model Study Response for Hybrid Operation.pdf | L28: 118 | M28: % of pre-fault active power restored within 1 second of fault clearance (LVRT 0.50 pu, 100% P, symmetrical). CEA requirement: ≥90% recovery within 1 second. Source: PSS/E post-fault response curve.
A29: 26 | B29: LVRT/HVRT | C29: V=50% | D29: Incremental Reactive Current Injection of WTG Voltage Dip 0.50 pu | 100% P | Symmetrical | WTG | E29: Del_Iq | F29: p.u. | G29: 4.91997 | H29: 0.4554 | I29: 0 | J29: 1 | K29: Annexure PSSE Model Study Response for Hybrid Operation.pdf | L29: 120 | M29: Incremental Reactive Current injection (ΔIq in p.u.) by the WTG during 0.50 p.u. voltage dip (severe LVRT, 3-phase symmetrical fault), at 100% active power dispatch. Lower limit: >0.001 p.u. (must show reactive support). Source: PSS/E dynamics run, LVRT test case.
A30: 27 | B30: LVRT/HVRT | C30: V=50% | D30: Total Reactive Current support of WTG Voltage Dip 0.50 pu | 100% P | Symmetrical | WTG | E30: Iq_f = Iq_pref + Del_Iq | F30: p.u. | G30: 0.626198 | H30: =0.0046+0.4554 -> 0.46 | I30: -1 | J30: 1 | K30: Annexure PSSE Model Study Response for Hybrid Operation.pdf | L30: 120 | M30: Total reactive current at the WTG terminal during the 0.50 pu LVRT case. Addition of pre-fault current and incremental current.
A31: 28 | B31: LVRT/HVRT | C31: V=50% | D31: Active Current of Inverter of WTG Voltage Dip 0.50 pu | 100% P | Symmetrical | WTG | E31: Id_WTG | F31: p.u. | G31: 0.684385 | H31: 0.94 | I31: 0.001 | J31: 1 | K31: Annexure PSSE Model Study Response for Hybrid Operation.pdf | L31: 120 | M31: Active current (Id in p.u.) of WTG during the same 0.50 pu LVRT case. Active current may reduces during LVRT to prioritize reactive support. Lower limit: >0.001. Source: PSS/E dynamics report.
A32: 29 | B32: LVRT/HVRT | C32: V=50% | D32: Total Apparant Current of WTG Voltage Dip 0.50 pu | 100% P | Symmetrical | WTG | E32: Irms_3PH_WTG | F32: p.u. | G32: 0.847457 | H32: 0.9384 | I32: 0.001 | J32: 1 | K32: Annexure PSSE Model Study Response for Hybrid Operation.pdf | L32: 120 | M32: Total Apparant current (I in p.u.) of WTG during the same 0.50 pu LVRT case. Apparent current should be close to 1. Source: PSS/E & PSCAD dynamics report.
A33: 30 | B33: LVRT/HVRT | C33: V=50% | D33: Active Power Recovery within 1 second of Fault Clearance Voltage Dip 0.50 pu | 100% P | Symmetrical | WTG | E33: P_post_LVRT_1sec | F33: % | G33: 1.0987124 | H33: 0.95 | I33: 90 | J33: 90 | K33: Annexure PSSE Model Study Response for Hybrid Operation.pdf | L33: 120 | M33: % of pre-fault active power restored within 1 second of fault clearance (LVRT 0.50 pu, 100% P, symmetrical). CEA requirement: ≥90% recovery within 1 second. Source: PSS/E & PSCAD post-fault response curve.
A34: 31 | B34: LVRT/HVRT | C34: V=50% | D34: Incremental Reactive Current Injection of SVG Voltage Dip 0.50 pu | 100% P | Symmetrical | SVG | E34: Del_Iq | F34: p.u. | G34: 67.4807 | H34: 0.2919 | I34: 0 | J34: 1 | K34: Annexure PSSE Model Study Response for Hybrid Operation.pdf | L34: 119 | M34: Incremental Reactive Current injection (ΔIq in p.u.) by the SVG during 0.50 p.u. voltage dip (severe LVRT, 3-phase symmetrical fault), at 100% active power dispatch. Lower limit: >0.001 p.u. (must show reactive support). Source: PSS/E dynamics run, LVRT test case.
A35: 32 | B35: LVRT/HVRT | C35: V=50% | D35: Total Reactive Current support of SVG Voltage Dip 0.50 pu | 100% P | Symmetrical | SVG | E35: Iq_f = Iq_pref + Del_Iq | F35: p.u. | G35: 0.586696 | H35: =0.7981+0.2919 -> 1.09 | I35: -1 | J35: 1 | K35: Annexure PSSE Model Study Response for Hybrid Operation.pdf | L35: 119 | M35: Total reactive current at the SVG terminal during the 0.50 pu LVRT case. Addition of pre-fault current and incremental current.
A36: 33 | B36: LVRT/HVRT | C36: V=50% | D36: Incremental Reactive Current Injection of PCS/BESS Voltage Dip 0.50 pu | 100% P | Symmetrical | PCS/BESS | E36: Del_Iq | F36: p.u. | G36: N.A | H36: NA | I36: 0 | J36: 1 | K36: N.A | L36: N.A | M36: Incremental Reactive Current injection (ΔIq in p.u.) by the PCS/BESS during 0.50 p.u. voltage dip (severe LVRT, 3-phase symmetrical fault), at 100% active power dispatch. Lower limit: >0.001 p.u. (must show reactive support). Source: PSS/E dynamics run, LVRT test case.
A37: 34 | B37: LVRT/HVRT | C37: V=50% | D37: Total Reactive Current support of PCS/BESS Voltage Dip 0.50 pu | 100% P | Symmetrical | PCS/BESS | E37: Iq_f = Iq_pref + Del_Iq | F37: p.u. | G37: N.A | H37: NA | I37: -1 | J37: 1 | K37: N.A | L37: N.A | M37: Total reactive current at the PCS/BESS terminal during the 0.50 pu LVRT case. Addition of pre-fault current and incremental current.
A38: 35 | B38: LVRT/HVRT | C38: V=50% | D38: Active Current of Inverter of PCS/BESS Voltage Dip 0.50 pu | 100% P | Symmetrical | PCS/BESS | E38: Id_PCS | F38: p.u. | G38: N.A | H38: NA | I38: 0.001 | J38: 1 | K38: N.A | L38: N.A | M38: Active current (Id in p.u.) of inverter during the same 0.50 pu LVRT case. Active current may reduces during LVRT to prioritize reactive support. Lower limit: >0.001. Source: PSS/E dynamics report.
A39: 36 | B39: LVRT/HVRT | C39: V=50% | D39: Total Apparant Current of PCS/BESS Voltage Dip 0.50 pu | 100% P | Symmetrical | PCS/BESS | E39: Irms_3PH_PCS | F39: p.u. | G39: N.A | H39: NA | I39: 0.001 | J39: 1 | K39: N.A | L39: N.A | M39: Total Apparant current (I in p.u.) of Power Conversion System during the same 0.50 pu LVRT case. Apparent current should be close to 1. Source: PSS/E dynamics report.
A40: 37 | B40: LVRT/HVRT | C40: V=50% | D40: Incremental Reactive Power Injection at Plant Voltage Dip 0.50 pu | 100% P | Symmetrical | Plant | E40: Del_Q | F40: p.u. | G40: 51.01411 | H40: 0.346 | I40: 0.001 | J40: 1 | K40: Annexure PSSE Model Study Response for Hybrid Operation.pdf | L40: 117 | M40: Incremental reactive power (MVAr) injected by the inverter during the 0.50 pu LVRT case. Proportional to voltage dip magnitude and K-factor. Should be positive and substantial. Source: PSS/E dynamics report.
A41: 38 | B41: LVRT/HVRT | C41: V=85% | D41: Incremental Reactive Current Injection of Inverter - Minimum among all aggregated inverters Voltage Dip 0.85 pu | 100% P | Symmetrical | Solar | E41: Del_Iq | F41: p.u. | G41: 1.5297671 | H41: 0.0326 | I41: 0 | J41: =1 -> 1 | K41: Annexure PSSE Model Study Response for Hybrid Operation.pdf | L41: 114 | M41: Incremental Reactive Current injection (ΔIq in p.u.) by the inverter during 0.85 p.u. voltage dip (severe LVRT, 3-phase symmetrical fault), at 100% active power dispatch. Lower limit: >0.001 p.u. (must show reactive support). Source: PSS/E dynamics run, LVRT test case.
A42: 39 | B42: LVRT/HVRT | C42: V=85% | D42: Total Reactive Current support - Minimum among all inverters Voltage Dip 0.85 pu | 100% P | Symmetrical | Solar | E42: Iq_f = Iq_pref + Del_Iq | F42: p.u. | G42: 0.012269 | H42: =0.0037+0.0326 -> 0.0363 | I42: -1 | J42: 1 | K42: Annexure PSSE Model Study Response for Hybrid Operation.pdf | L42: 114 | M42: Total reactive current at the inverter terminal during the 0.85 pu LVRT case. Addition of pre-fault current and incremental current.Enter minimum value amongst the all feeders/inverters.
A43: 40 | B43: LVRT/HVRT | C43: V=85% | D43: Active Current of Inverter - Maximum among all inverters Voltage Dip 0.85 pu | 100% P | Symmetrical | Solar | E43: Id_INV_max | F43: p.u. | G43: 0.242956 | H43: 0.27 | I43: 0 | J43: 1 | K43: Annexure PSSE Model Study Response for Hybrid Operation.pdf | L43: 114 | M43: Active current (Id in p.u.) of inverter during the same 0.85 pu LVRT case. Active current may reduces during LVRT to prioritize reactive support. Lower limit: >0.001. Source: PSS/E dynamics report.
A44: 41 | B44: LVRT/HVRT | C44: V=85% | D44: Total Apparant Current of Inverter - Maximum among all inverters Voltage Dip 0.85 pu | 100% P | Symmetrical | Solar | E44: Irms_3PH_INV_max | F44: p.u. | G44: 0.276357 | H44: 0.2733 | I44: 0 | J44: 1 | K44: Annexure PSSE Model Study Response for Hybrid Operation.pdf | L44: 114 | M44: Total Apparant current (I in p.u.) of inverter during the same 0.85 pu LVRT case. Apparent current should be close to 1. Source: PSS/E dynamics report.
A45: 42 | B45: LVRT/HVRT | C45: V=85% | D45: Active Power Recovery within 1 second of Fault Clearance Voltage Dip 0.85 pu | 100% P | Symmetrical | Solar | E45: P_post_LVRT_1sec | F45: % | G45: 0.36975012 | H45: 0.2693 | I45: 90 | J45: 90 | K45: Annexure PSSE Model Study Response for Hybrid Operation.pdf | L45: 114 | M45: % of pre-fault active power restored within 1 second of fault clearance (LVRT 0.85 pu, 100% P, symmetrical). CEA requirement: ≥90% recovery within 1 second. Source: PSS/E post-fault response curve.
A46: 43 | B46: LVRT/HVRT | C46: V=85% | D46: Incremental Reactive Current Injection of WTG Voltage Dip 0.85 pu | 100% P | Symmetrical | WTG | E46: Del_Iq | F46: p.u. | G46: 4.91843 | H46: 0.04 | I46: 0 | J46: 1 | K46: Annexure PSSE Model Study Response for Hybrid Operation.pdf | L46: 116 | M46: Incremental Reactive Current injection (ΔIq in p.u.) by the WTG during 0.85 p.u. voltage dip (severe LVRT, 3-phase symmetrical fault), at 100% active power dispatch. Lower limit: >0.001 p.u. (must show reactive support). Source: PSS/E dynamics run, LVRT test case.
A47: 44 | B47: LVRT/HVRT | C47: V=85% | D47: Total Reactive Current support of WTG Voltage Dip 0.85 pu | 100% P | Symmetrical | WTG | E47: Iq_f = Iq_pref + Del_Iq | F47: p.u. | G47: 0.248249 | H47: =0.003+0.037 -> 0.04 | I47: -1 | J47: 1 | K47: Annexure PSSE Model Study Response for Hybrid Operation.pdf | L47: 116 | M47: Total reactive current at the WTG terminal during the 0.85 pu LVRT case. Addition of pre-fault current and incremental current.
A48: 45 | B48: LVRT/HVRT | C48: V=85% | D48: Active Current of Inverter of WTG Voltage Dip 0.85 pu | 100% P | Symmetrical | WTG | E48: Id_WTG | F48: p.u. | G48: 0.312633 | H48: 0.9484 | I48: 0.001 | J48: 1 | K48: Annexure PSSE Model Study Response for Hybrid Operation.pdf | L48: 116 | M48: Active current (Id in p.u.) of WTG during the same 0.85 pu LVRT case. Active current may reduces during LVRT to prioritize reactive support. Lower limit: >0.001. Source: PSS/E dynamics report.
A49: 46 | B49: LVRT/HVRT | C49: V=85% | D49: Total Apparant Current of WTG Voltage Dip 0.85 pu | 100% P | Symmetrical | WTG | E49: Irms_3PH_WTG | F49: p.u. | G49: 0.961303 | H49: 0.9469 | I49: 0.001 | J49: 1 | K49: Annexure PSSE Model Study Response for Hybrid Operation.pdf | L49: 116 | M49: Total Apparant current (I in p.u.) of WTG during the same 0.85 pu LVRT case. Apparent current should be close to 1. Source: PSS/E & PSCAD dynamics report.
A50: 47 | B50: LVRT/HVRT | C50: V=85% | D50: Active Power Recovery within 1 second of Fault Clearance Voltage Dip 0.85 pu | 100% P | Symmetrical | WTG | E50: P_post_LVRT_1sec | F50: % | G50: 1.0122106 | H50: 0.9514 | I50: 90 | J50: 90 | K50: Annexure PSSE Model Study Response for Hybrid Operation.pdf | L50: 116 | M50: % of pre-fault active power restored within 1 second of fault clearance (LVRT 0.85 pu, 100% P, symmetrical). CEA requirement: ≥90% recovery within 1 second. Source: PSS/E & PSCAD post-fault response curve.
A51: 48 | B51: LVRT/HVRT | C51: V=85% | D51: Incremental Reactive Current Injection of SVG Voltage Dip 0.85 pu | 100% P | Symmetrical | SVG | E51: Del_Iq | F51: p.u. | G51: 67.496 | H51: 0.3 | I51: 0 | J51: 1 | K51: Annexure PSSE Model Study Response for Hybrid Operation.pdf | L51: 115 | M51: Incremental Reactive Current injection (ΔIq in p.u.) by the SVG during 0.85 p.u. voltage dip (severe LVRT, 3-phase symmetrical fault), at 100% active power dispatch. Lower limit: >0.001 p.u. (must show reactive support). Source: PSS/E dynamics run, LVRT test case.
A52: 49 | B52: LVRT/HVRT | C52: V=85% | D52: Total Reactive Current support of SVG Voltage Dip 0.85 pu | 100% P | Symmetrical | SVG | E52: Iq_f = Iq_pref + Del_Iq | F52: p.u. | G52: 0.27495 | H52: =0.79+0.3 -> 1.09 | I52: -1 | J52: 1 | K52: Annexure PSSE Model Study Response for Hybrid Operation.pdf | L52: 115 | M52: Total reactive current at the SVG terminal during the 0.85 pu LVRT case. Addition of pre-fault current and incremental current.
A53: 50 | B53: LVRT/HVRT | C53: V=85% | D53: Incremental Reactive Current Injection of PCS/BESS Voltage Dip 0.85 pu | 100% P | Symmetrical | PCS/BESS | E53: Del_Iq | F53: p.u. | G53: NA | H53: NA | I53: 0 | J53: 1 | K53: Annexure PSSE Model Study Response for Hybrid Operation.pdf | L53: 10 | M53: Incremental Reactive Current injection (ΔIq in p.u.) by the PCS/BESS during 0.85 p.u. voltage dip (severe LVRT, 3-phase symmetrical fault), at 100% active power dispatch. Lower limit: >0.001 p.u. (must show reactive support). Source: PSS/E dynamics run, LVRT test case.
A54: 51 | B54: LVRT/HVRT | C54: V=85% | D54: Total Reactive Current support of PCS/BESS Voltage Dip 0.85 pu | 100% P | Symmetrical | PCS/BESS | E54: Iq_f = Iq_pref + Del_Iq | F54: p.u. | G54: NA | H54: NA | I54: -1 | J54: 1 | K54: Annexure PSSE Model Study Response for Hybrid Operation.pdf | L54: 11 | M54: Total reactive current at the PCS/BESS terminal during the 0.85 pu LVRT case. Addition of pre-fault current and incremental current.
A55: 52 | B55: LVRT/HVRT | C55: V=85% | D55: Active Current of Inverter of PCS/BESS Voltage Dip 0.85 pu | 100% P | Symmetrical | PCS/BESS | E55: Id_PCS | F55: p.u. | G55: NA | H55: NA | I55: 0.001 | J55: 1 | K55: Annexure PSSE Model Study Response for Hybrid Operation.pdf | M55: Active current (Id in p.u.) of inverter during the same 0.85 pu LVRT case. Active current may reduces during LVRT to prioritize reactive support. Lower limit: >0.001. Source: PSS/E dynamics report.
A56: 53 | B56: LVRT/HVRT | C56: V=85% | D56: Total Apparant Current of PCS/BESS Voltage Dip 0.85 pu | 100% P | Symmetrical | PCS/BESS | E56: Irms_3PH_PCS | F56: p.u. | G56: NA | H56: NA | I56: 0.001 | J56: 1 | K56: Annexure PSSE Model Study Response for Hybrid Operation.pdf | L56: NA | M56: Total Apparant current (I in p.u.) of Power Conversion System during the same 0.85 pu LVRT case. Apparent current should be close to 1. Source: PSS/E dynamics report.
A57: 54 | B57: LVRT/HVRT | C57: V=85% | D57: Incremental Reactive Power Injection at Plant Voltage Dip 0.85 pu | 100% P | Symmetrical | Plant | E57: Del_Q | F57: p.u. | G57: 37.798 | H57: 0.1719 | I57: 0.001 | J57: 1 | K57: Annexure PSSE Model Study Response for Hybrid Operation.pdf | L57: 113 | M57: Incremental reactive power (MVAr) injected by the inverter during the 0.85 pu LVRT case. Proportional to voltage dip magnitude and K-factor. Should be positive and substantial. Source: PSS/E dynamics report.
A58: 55 | B58: LVRT/HVRT | C58: V=15% | D58: Incremental Positive Sequence Reactive Current Inverter Voltage Dip 0.15 pu | 100% P | LL | Solar | E58: Del_Iq+ | F58: p.u. | G58: NA | H58: -0.035 | I58: 0 | J58: 1 | L58: 14 | M58: PSCAD – Positive-sequence Incremental Reactive Current injection during 0.15 pu voltage dip caused by a Line-to-Line (LL) fault (asymmetric/unbalanced). Lower limit: >0.001. Typical: 0.4–0.6 p.u.
A59: 56 | B59: LVRT/HVRT | C59: V=15% | D59: Negative Sequence Reactive Current Inverter Voltage Dip 0.15 pu | 100% P | LL | Solar | E59: Iq- | F59: p.u. | G59: NA | H59: -0.22 | I59: -1 | J59: 0 | L59: 14 | M59: PSS/E and PSCAD – Negative-sequence reactive current during 0.15 pu LL fault. Value is typically negative (absorption of negative sequence). Source: PSCAD dynamics report with unbalanced fault.
A60: 57 | B60: LVRT/HVRT | C60: V=15% | D60: Active Current of WTG Voltage Dip 0.15 pu | 100% P | LL | WTG | E60: Id_WTG | F60: p.u. | G60: NA | H60: 0.35 | I60: 0.001 | J60: 1 | M60: PSCAD – Active current at WTG terminals during 0.15 pu LL LVRT case. Source: PSCAD dynamics report.
A61: 58 | B61: LVRT/HVRT | C61: V=15% | D61: Active Current of Inverter Voltage Dip 0.15 pu | 100% P | LL | Solar | E61: Id_INV | F61: p.u. | G61: NA | H61: 0.28 | I61: 0 | J61: 1 | L61: 14 | M61: PSCAD – Active current at Inverter terminals during 0.15 pu LL LVRT case. Source: PSCAD dynamics report.
A62: 59 | B62: LVRT/HVRT | C62: V=15% | D62: Reactive Current of Inverter Voltage Dip 0.15 pu | 100% P | LL | Solar | E62: Iq_f = Iq_pref + Del_Iq | F62: p.u. | G62: NA | H62: =0.001+0.42 -> 0.421 | I62: -1 | J62: 1 | K62: PSSE Dynamics Report.pdf | L62: 11 | M62: PSCAD– Reactive power support (MVAr) during 0.15 pu LL LVRT. Lower than symmetrical case. Source: PSCAD Dynamics Report.
A63: 60 | B63: LVRT/HVRT | C63: V=15% | D63: Incremental Positive Sequence Reactive Current WTG Voltage Dip 0.15 pu | 100% P | LL | WTG | E63: Del_Iq+ | F63: p.u. | G63: NA | H63: 0.27 | I63: 0 | J63: 1 | M63: PSCAD – Positive-sequence Incremental Reactive Current injection during 0.15 pu voltage dip caused by a Line-to-Line (LL) fault (asymmetric/unbalanced). Lower limit: >0.001. Typical: 0.4–0.6 p.u.
A64: 61 | B64: LVRT/HVRT | C64: V=15% | D64: Negative Sequence Reactive Current WTG Voltage Dip 0.15 pu | 100% P | LL | WTG | E64: Iq- | F64: p.u. | G64: NA | H64: -0.53 | I64: -1 | J64: 0
A65: 62 | B65: LVRT/HVRT | C65: V=15% | D65: Rective Current of SVG Voltage Dip 0.15 pu | 100% P | LL | SVG | E65: Iq_f = Iq_pref + Del_Iq | F65: p.u. | G65: NA | H65: =0.79+0.24 -> 1.03 | I65: -1 | J65: 1 | K65: PSSE Dynamics Report.pdf | L65: 11
A66: 63 | B66: LVRT/HVRT | C66: V=15% | D66: Reactive Current of WTG Voltage Dip 0.15 pu | 100% P | LL | WTG | E66: Iq_f = Iq_pref + Del_Iq | F66: p.u. | G66: NA | H66: =0.0042+0.3318 -> 0.336 | I66: -1 | J66: 1 | K66: PSSE Dynamics Report.pdf | L66: 11
A67: 64 | B67: LVRT/HVRT | C67: V=15% | D67: Incremental Positive Sequence Reactive Current PCS/BESS Voltage Dip 0.15 pu | 100% P | LL | PCS/BESS | E67: Del_Iq+ | F67: p.u. | G67: NA | H67: NA | I67: 0 | J67: 1 | M67: PSCAD – Positive-sequence Incremental Reactive Current injection during 0.15 pu voltage dip caused by a Line-to-Line (LL) fault (asymmetric/unbalanced). Lower limit: >0.001. Typical: 0.4–0.6 p.u.
A68: 65 | B68: LVRT/HVRT | C68: V=15% | D68: Negative Sequence Reactive Current PCS/BESS Voltage Dip 0.15 pu | 100% P | LL | PCS/BESS | E68: Iq- | F68: p.u. | G68: NA | H68: NA | I68: -1 | J68: 0
A69: 66 | B69: LVRT/HVRT | C69: V=15% | D69: Active Current of PCS/BESS Voltage Dip 0.15 pu | 100% P | LL | PCS/BESS | E69: Id_PCS | F69: p.u. | G69: NA | H69: NA | I69: 0.001 | J69: 1 | M69: PSCAD – Active current at PCS/BESS terminals during 0.15 pu LL LVRT case. Source: PSCAD dynamics report.
A70: 67 | B70: LVRT/HVRT | C70: V=15% | D70: Reactive Current of PCS/BESS Voltage Dip 0.15 pu | 100% P | LL | PCS/BESS | E70: Iq_f = Iq_pref + Del_Iq | F70: p.u. | G70: NA | H70: NA | I70: -1 | J70: 1 | K70: PSSE Dynamics Report.pdf | L70: 11
A71: 68 | B71: LVRT/HVRT | C71: V=15% | D71: Incremental Positive Sequence Reactive Current SVG Voltage Dip 0.15 pu | 100% P | LL | SVG | E71: Del_Iq+ | F71: p.u. | G71: NA | H71: 1.095 | I71: 0 | J71: 1 | M71: PSCAD – Positive-sequence Incremental Reactive Current injection during 0.15 pu voltage dip caused by a Line-to-Line (LL) fault (asymmetric/unbalanced). Lower limit: >0.001. Typical: 0.4–0.6 p.u.
A72: 69 | B72: LVRT/HVRT | C72: V=15% | D72: Negative Sequence Reactive Current SVG Voltage Dip 0.15 pu | 100% P | LL | SVG | E72: Iq- | F72: p.u. | G72: NA | H72: 0.3096 | I72: -1 | J72: 0
A73: 70 | B73: LVRT/HVRT | C73: V=15% | D73: Incremental Reactive Power Injection at Plant Voltage Dip 0.15 pu | 100% P | LL | Plant | E73: Del_Q | F73: p.u. | G73: 1 | H73: 0.4613 | I73: 0.001 | J73: 1
A74: 71 | B74: LVRT/HVRT | C74: V=50% | D74: Incremental Positive Sequence Reactive Current Inverter Voltage Dip 0.50 pu | 100% P | LL | Solar | E74: Del_Iq+ | F74: p.u. | G74: NA | H74: -0.009 | I74: 0 | J74: 1 | L74: 14 | M74: PSCAD – Positive-sequence Incremental Reactive Current injection during 0.50 pu voltage dip caused by a Line-to-Line (LL) fault (asymmetric/unbalanced). Lower limit: >0.001. Typical: 0.4–0.6 p.u.
A75: 72 | B75: LVRT/HVRT | C75: V=50% | D75: Negative Sequence Reactive Current Inverter Voltage Dip 0.50 pu | 100% P | LL | Solar | E75: Iq- | F75: p.u. | G75: NA | H75: -0.11 | I75: -1 | J75: 0 | L75: 14 | M75: PSS/E and PSCAD – Negative-sequence reactive current during 0.50 pu LL fault. Value is typically negative (absorption of negative sequence). Source: PSCAD dynamics report with unbalanced fault.
A76: 73 | B76: LVRT/HVRT | C76: V=50% | D76: Active Current of WTG Voltage Dip 0.50 pu | 100% P | LL | WTG | E76: Id_WTG | F76: p.u. | G76: NA | H76: 0.798 | I76: 0.001 | J76: 1 | M76: PSCAD – Active current at WTG terminals during 0.50 pu LL LVRT case. Source: PSCAD dynamics report.
A77: 74 | B77: LVRT/HVRT | C77: V=50% | D77: Active Current of Inverter Voltage Dip 0.5 pu | 100% P | LL | Solar | E77: Id_INV | F77: p.u. | G77: NA | H77: 0.29 | I77: 0 | J77: 1 | M77: PSCAD – Active current at Inverter terminals during 0.50 pu LL LVRT case. Source: PSCAD dynamics report.
A78: 75 | B78: LVRT/HVRT | C78: V=50% | D78: Reactive Current of Inverter Voltage Dip 0.5 pu | 100% P | LL | Solar | E78: Iq_f = Iq_pref + Del_Iq | F78: p.u. | G78: NA | H78: =0.0035+0.1655 -> 0.169 | I78: -1 | J78: 1 | K78: PSSE Dynamics Report.pdf | L78: 11
A79: 76 | B79: LVRT/HVRT | C79: V=50% | D79: Incremental Positive Sequence Reactive Current WTG Voltage Dip 0.5 pu | 100% P | LL | WTG | E79: Del_Iq+ | F79: p.u. | G79: NA | H79: 0.2178 | I79: 0 | J79: 1 | M79: PSCAD – Positive-sequence Incremental Reactive Current injection during 0.50 pu voltage dip caused by a Line-to-Line (LL) fault (asymmetric/unbalanced). Lower limit: >0.001. Typical: 0.4–0.6 p.u.
A80: 77 | B80: LVRT/HVRT | C80: V=50% | D80: Negative Sequence Reactive Current WTG Voltage Dip 0.5 pu | 100% P | LL | WTG | E80: Iq- | F80: p.u. | G80: NA | H80: -0.27 | I80: -1 | J80: 0
A81: 78 | B81: LVRT/HVRT | C81: V=50% | D81: Reactive Current of SVG Voltage Dip 0.5 pu | 100% P | LL | SVG | E81: Iq_f = Iq_pref + Del_Iq | F81: p.u. | G81: NA | H81: =0.79+0.3 -> 1.09 | I81: -1 | J81: 1 | K81: PSSE Dynamics Report.pdf | L81: 11
A82: 79 | B82: LVRT/HVRT | C82: V=50% | D82: Reactive Current of WTG Voltage Dip 0.5 pu | 100% P | LL | WTG | E82: Iq_f = Iq_pref + Del_Iq | F82: p.u. | G82: NA | H82: =0.00504+0.21896 -> 0.224 | I82: -1 | J82: 1 | K82: PSSE Dynamics Report.pdf | L82: 11
A83: 80 | B83: LVRT/HVRT | C83: V=50% | D83: Incremental Positive Sequence Reactive Current PCS/BESS Voltage Dip 0.5 pu | 100% P | LL | PCS/BESS | E83: Del_Iq+ | F83: p.u. | G83: NA | H83: NA | I83: 0 | J83: 1 | M83: PSCAD – Positive-sequence Incremental Reactive Current injection during 0.50 pu voltage dip caused by a Line-to-Line (LL) fault (asymmetric/unbalanced). Lower limit: >0.001. Typical: 0.4–0.6 p.u.
A84: 81 | B84: LVRT/HVRT | C84: V=50% | D84: Negative Sequence Reactive Current PCS/BESS Voltage Dip 0.5 pu | 100% P | LL | PCS/BESS | E84: Iq- | F84: p.u. | G84: NA | H84: NA | I84: -1 | J84: 0
A85: 82 | B85: LVRT/HVRT | C85: V=50% | D85: Active Current of PCS/BESS Voltage Dip 0.5 pu | 100% P | LL | PCS/BESS | E85: Id_PCS | F85: p.u. | G85: NA | H85: NA | I85: 0.001 | J85: 1 | M85: PSCAD – Active current at PCS/BESS terminals during 0.50 pu LL LVRT case. Source: PSCAD dynamics report.
A86: 83 | B86: LVRT/HVRT | C86: V=50% | D86: Reactive Current of PCS/BESS Voltage Dip 0.5 pu | 100% P | LL | PCS/BESS | E86: Iq_f = Iq_pref + Del_Iq | F86: p.u. | G86: NA | H86: NA | I86: -1 | J86: 1 | K86: PSSE Dynamics Report.pdf | L86: 11
A87: 84 | B87: LVRT/HVRT | C87: V=50% | D87: Incremental Positive Sequence Reactive Current SVG Voltage Dip 0.5 pu | 100% P | LL | SVG | E87: Del_Iq+ | F87: p.u. | G87: NA | H87: 0.292 | I87: 0 | J87: 1 | M87: PSCAD – Positive-sequence Incremental Reactive Current injection during 0.50 pu voltage dip caused by a Line-to-Line (LL) fault (asymmetric/unbalanced). Lower limit: >0.001. Typical: 0.4–0.6 p.u.
A88: 85 | B88: LVRT/HVRT | C88: V=50% | D88: Negative Sequence Reactive Current SVG Voltage Dip 0.5 pu | 100% P | LL | SVG | E88: Iq- | F88: p.u. | G88: NA | H88: 0.121 | I88: -1 | J88: 0
A89: 86 | B89: LVRT/HVRT | C89: V=50% | D89: Incremental Reactive Power Injection at Plant Voltage Dip 0.5 pu | 100% P | LL | Plant | E89: Del_Q | F89: p.u. | G89: 1 | H89: 0.287 | I89: 0.001 | J89: 1
A90: 87 | B90: LVRT/HVRT | C90: V=85% | D90: Incremental Positive Sequence Reactive Current Inverter Voltage Dip 0.85 pu | 100% P | LL | Solar | E90: Del_Iq+ | F90: p.u. | G90: NA | H90: 0.2914 | I90: 0 | J90: 1 | L90: 14 | M90: PSCAD – Positive-sequence Incremental Reactive Current injection during 0.85 pu voltage dip caused by a Line-to-Line (LL) fault (asymmetric/unbalanced). Lower limit: >0.001. Typical: 0.4–0.6 p.u.
A91: 88 | B91: LVRT/HVRT | C91: V=85% | D91: Negative Sequence Reactive Current Inverter Voltage Dip 0.85 pu | 100% P | LL | Solar | E91: Iq- | F91: p.u. | G91: NA | H91: =-0.0466 -> -0.0466 | I91: -1 | J91: 0 | L91: 14 | M91: PSS/E and PSCAD – Negative-sequence reactive current during 0.85 pu LL fault. Value is typically negative (absorption of negative sequence). Source: PSCAD dynamics report with unbalanced fault.
A92: 89 | B92: LVRT/HVRT | C92: V=85% | D92: Active Current of WTG Voltage Dip 0.85 pu | 100% P | LL | WTG | E92: Id_WTG | F92: p.u. | G92: NA | H92: 1 | I92: 0.001 | J92: 1 | M92: PSCAD – Active current at WTG terminals during 0.85 pu LL LVRT case. Source: PSCAD dynamics report.
A93: 90 | B93: LVRT/HVRT | C93: V=85% | D93: Active Current of Inverter Voltage Dip 0.85 pu | 100% P | LL | Solar | E93: Id_INV | F93: p.u. | G93: NA | H93: 0.28 | I93: 0 | J93: 1 | M93: PSCAD – Active current at Inverter terminals during 0.85 pu LL LVRT case. Source: PSCAD dynamics report.
A94: 91 | B94: LVRT/HVRT | C94: V=85% | D94: Reactive Current of Inverter Voltage Dip 0.85 pu | 100% P | LL | Solar | E94: Iq_f = Iq_pref + Del_Iq | F94: p.u. | G94: NA | H94: =0.003+0.0005 -> 0.0035 | I94: -1 | J94: 1 | K94: PSSE Dynamics Report.pdf | L94: 11
A95: 92 | B95: LVRT/HVRT | C95: V=85% | D95: Incremental Positive Sequence Reactive Current WTG Voltage Dip 0.85 pu | 100% P | LL | WTG | E95: Del_Iq+ | F95: p.u. | G95: NA | H95: 0 | I95: 0 | J95: 1 | M95: PSCAD – Positive-sequence Incremental Reactive Current injection during 0.85 pu voltage dip caused by a Line-to-Line (LL) fault (asymmetric/unbalanced). Lower limit: >0.001. Typical: 0.4–0.6 p.u.
A96: 93 | B96: LVRT/HVRT | C96: V=85% | D96: Negative Sequence Reactive Current WTG Voltage Dip 0.85 pu | 100% P | LL | WTG | E96: Iq- | F96: p.u. | G96: NA | H96: -0.027 | I96: -1 | J96: 0
A97: 94 | B97: LVRT/HVRT | C97: V=85% | D97: Reactive Current of SVG Voltage Dip 0.85 pu | 100% P | LL | SVG | E97: Iq_f = Iq_pref + Del_Iq | F97: p.u. | G97: NA | H97: =0.79+0.3 -> 1.09 | I97: -1 | J97: 1 | K97: PSSE Dynamics Report.pdf | L97: 11
A98: 95 | B98: LVRT/HVRT | C98: V=85% | D98: Reactive Current of WTG Voltage Dip 0.85 pu | 100% P | LL | WTG | E98: Iq_f = Iq_pref + Del_Iq | F98: p.u. | G98: NA | H98: =0.0042+(-0.0039) -> 0.0003 | I98: -1 | J98: 1 | K98: PSSE Dynamics Report.pdf | L98: 11
A99: 96 | B99: LVRT/HVRT | C99: V=85% | D99: Incremental Positive Sequence Reactive Current PCS/BESS Voltage Dip 0.85 pu | 100% P | LL | PCS/BESS | E99: Del_Iq+ | F99: p.u. | G99: NA | H99: NA | I99: 0 | J99: 1 | M99: PSCAD – Positive-sequence Incremental Reactive Current injection during 0.85 pu voltage dip caused by a Line-to-Line (LL) fault (asymmetric/unbalanced). Lower limit: >0.001. Typical: 0.4–0.6 p.u.
A100: 97 | B100: LVRT/HVRT | C100: V=85% | D100: Negative Sequence Reactive Current PCS/BESS Voltage Dip 0.85 pu | 100% P | LL | PCS/BESS | E100: Iq- | F100: p.u. | G100: NA | H100: NA | I100: -1 | J100: 0
A101: 98 | B101: LVRT/HVRT | C101: V=85% | D101: Active Current of PCS/BESS Voltage Dip 0.85 pu | 100% P | LL | PCS/BESS | E101: Id_PCS | F101: p.u. | G101: NA | H101: NA | I101: 0.001 | J101: 1 | M101: PSCAD – Active current at PCS/BESS terminals during 0.85 pu LL LVRT case. Source: PSCAD dynamics report.
...

Sheet Visual_Data_Dynamic_RE
J64: Visual Data for Total Active Current during LVRT faults (Vdip = 0.15, 0.5,0.85) , SELECT-: Dynamic Data-RE (Category: Id_INV/Id_INV_max/ Id_WTG/ Id_PCS) | AK64: Visual Data for Total Active Current during HVRT faults (Vdip = 1.1, 1.2,1.3) , SELECT-: Dynamic Data-RE (Category: Id_INV/Id_INV_max/ Id_WTG/ Id_PCS) | BL64: Visual Data for RMS Current during LVRT 3-PH faults (Vdip = 0.15, 0.5,0.85) , SELECT-: Dynamic Data-RE (Category: Irms_3PH_INV_max /Irms_3PH_WTG / Irms_3PH_PCS) | CG64: Visual Data for Total Reactive Current during LVRT faults (Vdip = 0.15, 0.5,0.85) , SELECT-: Dynamic Data-RE (Category:Iq_f = Iq_pref + Del_Iq) | DH64: Visual Data for Total Reactive Current during HVRT faults (Vdip = 1.1, 1.2,1.3) , SELECT-: Dynamic Data-RE (Category:Iq_f = Iq_pref + Del_Iq) | EI64: Visual Data for Total Reactive Power-Capability , SELECT-: Steady State - Q_POI/ Q_INV/ Q_WTG/ Q_SVG
J184: Visual Data for Incremental Reactive Current during LVRT 3-PH faults (Vdip = 0.15, 0.5,0.85) , SELECT-: Dynamic Data-RE (Category: Del_Iq) | AL184: Visual Data for Incremental Reactive Current Reactive Current during HVRT faults (Vdip = 1.1, 1.2,1.3) , SELECT-: Dynamic Data-RE (Category: Del_Iq) | BL184: Visual Data for Incremental Reactive Current during LVRT 2-phase faults (Vdip = 0.15, 0.5,0.85) , SELECT-: Dynamic Data-RE (Category: Del_Iq+/Iq-) | CN184: Visual Data for Total Reactive Current during LVRT 2-phase faults (Vdip = 0.15, 0.5,0.85) , SELECT-: Dynamic Data-RE (Category: Iq_f = Iq_pref + Del_Iq) | DP184: Visual Data for Power-Quality (Current Distortion)

Sheet Standard Test Cases
A1: Standard Test Cases for Renewable Energy Sources
A3: Test No. | B3: Unit level(UIBR), USVG/Plant level(P) | C3: Type of Study | D3: Test Type | E3: Parameters | F3: Key Parameters (auto) | G3: Domain (RMS/ EMT) | H3: File Name(pdf) | I3: File Name(PSSE/PSCAD) | J3: Compliance Observed | K3: Remarks | L3: 📝 Developer Guidance / Explanatory Note
A4: 1 | B4: UIBR | C4: Steady State | D4: PQ Capability Curve of IBR / WTG | E4: POI Voltage (pu) - 1 | F4: POI Voltage (pu) - 1 | G4: RMS | H4: TC_001_RMS_Results.pdf | I4: test.sav | J4: Yes | L4: PQ Capability Curve Test | Level: UIBR | Domain: RMS ▶ File Name (PDF): Attach the P-Q diagram showing full reactive capability at this POI voltage. Must cover the entire operating range from maximum absorption to maximum injection. ▶ File Name (Sim): Provide 'test.sav' steady-state model file used to generate the PQ curve.
A5: 2 | B5: UIBR | C5: Steady State | D5: PQ Capability Curve of IBR / WTG | E5: POI Voltage (pu) - 0.95 | F5: POI Voltage (pu) - 0.95 | G5: RMS | H5: TC_002_RMS_Results.pdf | I5: test.sav | J5: Yes | L5: PQ Capability Curve Test | Level: UIBR | Domain: RMS ▶ File Name (PDF): Attach the P-Q diagram showing full reactive capability at this POI voltage. Must cover the entire operating range from maximum absorption to maximum injection. ▶ File Name (Sim): Provide 'test.sav' steady-state model file used to generate the PQ curve.
A6: 3 | B6: UIBR | C6: Steady State | D6: PQ Capability Curve of IBR / WTG | E6: POI Voltage (pu) - 1.05 | F6: POI Voltage (pu) - 1.05 | G6: RMS | H6: TC_003_RMS_Results.pdf | I6: test.sav | J6: Yes | L6: PQ Capability Curve Test | Level: UIBR | Domain: RMS ▶ File Name (PDF): Attach the P-Q diagram showing full reactive capability at this POI voltage. Must cover the entire operating range from maximum absorption to maximum injection. ▶ File Name (Sim): Provide 'test.sav' steady-state model file used to generate the PQ curve
A7: 4 | B7: UIBR | C7: Dynamic | D7: Capability to operate in frequency range: 47.5Hz to 52Hz with +/-5% voltage variation | E7: POI Voltage:1; Frequency change (Hz): 50 to 47.7 Hz; Power Factor: Any | F7: Capability to operate in frequency range: 47.5Hz to 52Hz with +/-5% voltage variation; POI Voltage:1; Frequency change (Hz): 50 to 47.7 Hz; Power Factor: Any | G7: RMS | H7: TC_004_RMS_Results.pdf | I7: test.sav | J7: Yes | L7: Frequency Response Test | Level: UIBR | Domain: RMS ▶ File Name (PDF): Attach simulation output showing frequency step and corresponding active power response. Include time plots for frequency (Hz) and P (pu). Droop response must be visible within the configured dead-band. ▶ File Name (Sim): Provide 'test.sav' model file configured with PPC frequency flag ON for this test. ▶ Key check: Droop must be in range 3%–6%; FFR tests require ≥10% P response within 1 second for |Δf| > 0.3 Hz.
A8: 5 | B8: UIBR | C8: Dynamic | D8: Capability to operate in frequency range: 47.5Hz to 52Hz with +/-5% voltage variation | E8: POI Voltage:1; Frequency Change (Hz): 50 to 47.7 Hz; Power Factor: Any | F8: Capability to operate in frequency range: 47.5Hz to 52Hz with +/-5% voltage variation; POI Voltage:1; Frequency Change (Hz): 50 to 47.7 Hz; Power Factor: Any | G8: RMS | H8: TC_005_RMS_Results.pdf | I8: test.sav | J8: Yes | L8: Frequency Response Test | Level: UIBR | Domain: RMS ▶ File Name (PDF): Attach simulation output showing frequency step and corresponding active power response. Include time plots for frequency (Hz) and P (pu). Droop response must be visible within the configured dead-band. ▶ File Name (Sim): Provide 'test.sav' model file configured with PPC frequency flag ON for this test. ▶ Key check: Droop must be in range 3%–6%; FFR tests require ≥10% P response within 1 second for |Δf| > 0.3 Hz.
A9: 6 | B9: UIBR | C9: Dynamic | D9: Capability to provide rated output in frequency range of 49.5Hz to 50.5Hz with +/-5% voltage variation | E9: POI Voltage: 0.95 Frequency Change (Hz): 50 to 49.5 Hz; Power Factor: 0.95 Lagging Active Power Dispatch(pu) - 1.0 pu | F9: Capability to provide rated output in frequency range of 49.5Hz to 50.5Hz with +/-5% voltage variation; POI Voltage: 0.95 Frequency Change (Hz): 50 to 49.5 Hz; Power Factor: 0.95 Lagging Active Power Dispatch(pu) - 1.0 pu; Lagging (0.95) | G9: RMS | H9: TC_006_RMS_Results.pdf | I9: test.sav | J9: Yes | L9: Frequency Response Test | Level: UIBR | Domain: RMS ▶ File Name (PDF): Attach simulation output showing frequency step and corresponding active power response. Include time plots for frequency (Hz) and P (pu). Droop response must be visible within the configured dead-band. ▶ File Name (Sim): Provide 'test.sav' model file configured with PPC frequency flag ON for this test. ▶ Key check: Droop must be in range 3%–6%; FFR tests require ≥10% P response within 1 second for |Δf| > 0.3 Hz.
A10: 7 | B10: UIBR | C10: Dynamic | D10: Capability to provide rated output in frequency range of 49.5Hz to 50.5Hz with +/-5% voltage variation | E10: POI Voltage: 1.05 Frequency Change (Hz): 50 to 49.5 Hz; Power Factor: 0.95 Leading Active Power Dispatch(pu) - 1.0 pu | F10: Capability to provide rated output in frequency range of 49.5Hz to 50.5Hz with +/-5% voltage variation; POI Voltage: 1.05 Frequency Change (Hz): 50 to 49.5 Hz; Power Factor: 0.95 Leading Active Power Dispatch(pu) - 1.0 pu; Leading (0.95) | G10: RMS | H10: TC_007_RMS_Results.pdf | I10: test.sav | J10: Yes | L10: Frequency Response Test | Level: UIBR | Domain: RMS ▶ File Name (PDF): Attach simulation output showing frequency step and corresponding active power response. Include time plots for frequency (Hz) and P (pu). Droop response must be visible within the configured dead-band. ▶ File Name (Sim): Provide 'test.sav' model file configured with PPC frequency flag ON for this test. ▶ Key check: Droop must be in range 3%–6%; FFR tests require ≥10% P response within 1 second for |Δf| > 0.3 Hz.
A11: 8 | B11: UIBR | C11: Dynamic | D11: Capability to provide rated output in frequency range of 49.5Hz to 50.5Hz with +/-5% voltage variation | E11: POI Voltage: 0.95 Frequency Change (Hz): 50 to 50.5 Hz; Power Factor: 0.95 Lagging Active Power Dispatch(pu) - 1.0 pu | F11: Capability to provide rated output in frequency range of 49.5Hz to 50.5Hz with +/-5% voltage variation; POI Voltage: 0.95 Frequency Change (Hz): 50 to 50.5 Hz; Power Factor: 0.95 Lagging Active Power Dispatch(pu) - 1.0 pu; Lagging (0.95) | G11: RMS | H11: TC_008_RMS_Results.pdf | I11: test.sav | J11: Yes | L11: Frequency Response Test | Level: UIBR | Domain: RMS ▶ File Name (PDF): Attach simulation output showing frequency step and corresponding active power response. Include time plots for frequency (Hz) and P (pu). Droop response must be visible within the configured dead-band. ▶ File Name (Sim): Provide 'test.sav' model file configured with PPC frequency flag ON for this test. ▶ Key check: Droop must be in range 3%–6%; FFR tests require ≥10% P response within 1 second for |Δf| > 0.3 Hz.
A12: 9 | B12: UIBR | C12: Dynamic | D12: Capability to provide rated output in frequency range of 49.5Hz to 50.5Hz with +/-5% voltage variation | E12: POI Voltage: 1.05 Frequency Change (Hz): 50 to 50.5 Hz; Power Factor: 0.95 Leading Active Power Dispatch(pu) - 1.0 pu | F12: Capability to provide rated output in frequency range of 49.5Hz to 50.5Hz with +/-5% voltage variation; POI Voltage: 1.05 Frequency Change (Hz): 50 to 50.5 Hz; Power Factor: 0.95 Leading Active Power Dispatch(pu) - 1.0 pu; Leading (0.95) | G12: RMS | H12: TC_009_RMS_Results.pdf | I12: test.sav | J12: Yes | L12: Frequency Response Test | Level: UIBR | Domain: RMS ▶ File Name (PDF): Attach simulation output showing frequency step and corresponding active power response. Include time plots for frequency (Hz) and P (pu). Droop response must be visible within the configured dead-band. ▶ File Name (Sim): Provide 'test.sav' model file configured with PPC frequency flag ON for this test. ▶ Key check: Droop must be in range 3%–6%; FFR tests require ≥10% P response within 1 second for |Δf| > 0.3 Hz.
A13: 10 | B13: UIBR | C13: Dynamic | D13: Low voltage ride through | E13: LVRT Target voltge(pu) - 0.85 Duration of voltage dip(sec) - 3.0 sec Pre-fault Active Power Dispatch(pu) - 1.0 Nature of voltage dip - Balanced Three Phase | F13: Low voltage ride through; LVRT Target voltge(pu) - 0.85 Duration of voltage dip(sec) - 3.0 sec Pre-fault Active Power Dispatch(pu) - 1.0 Nature of voltage dip - Balanced Three Phase; Balanced Three Phase | G13: RMS | H13: TC_010_RMS_Results.pdf | I13: test.sav | J13: Yes | L13: LVRT Test | Level: UIBR | Domain: RMS ▶ File Name (PDF): Attach the corresponding PSCAD/PSS/E simulation output report showing voltage, active power (P), reactive power (Q), Id, and Iq time-domain plots for this specific test case. Format: 'TC_<NNN>_<RMS/EMT>_Results.pdf'. Ensure plots clearly show pre-fault, during-fault, and post-fault periods. ▶ File Name (Sim): Provide the simulation model file used – 'test.sav'. For PSS/E: .SAV + .DYR file; for PSCAD: .pscx/.pswx file. File should reproduce the exact test case documented in the report. ▶ Key checks: No inverter tripping, ΔIq > 0 during fault, active power recovers ≥90% within 1 sec of clearance.
A14: 11 | B14: UIBR | C14: Dynamic | D14: Low voltage ride through | E14: LVRT Target voltge(pu) - 0.5 Duration of voltage dip(sec) - 1.65 sec Pre-fault Active Power Dispatch(pu) - 1.0 Nature of voltage dip - Balanced Three Phase | F14: Low voltage ride through; LVRT Target voltge(pu) - 0.5 Duration of voltage dip(sec) - 1.65 sec Pre-fault Active Power Dispatch(pu) - 1.0 Nature of voltage dip - Balanced Three Phase; Balanced Three Phase | G14: RMS | H14: TC_011_RMS_Results.pdf | I14: test.sav | J14: Yes | L14: LVRT Test | Level: UIBR | Domain: RMS ▶ File Name (PDF): Attach the corresponding PSCAD/PSS/E simulation output report showing voltage, active power (P), reactive power (Q), Id, and Iq time-domain plots for this specific test case. Format: 'TC_<NNN>_<RMS/EMT>_Results.pdf'. Ensure plots clearly show pre-fault, during-fault, and post-fault periods. ▶ File Name (Sim): Provide the simulation model file used – 'test.sav'. For PSS/E: .SAV + .DYR file; for PSCAD: .pscx/.pswx file. File should reproduce the exact test case documented in the report. ▶ Key checks: No inverter tripping, ΔIq > 0 during fault, active power recovers ≥90% within 1 sec of clearance.
A15: 12 | B15: UIBR | C15: Dynamic | D15: Low voltage ride through | E15: LVRT Target voltge(pu) - 0.15 Duration of voltage dip(sec) - 0.3 sec Pre-fault Active Power Dispatch(pu) - 1.0 Nature of voltage dip - Balanced Three Phase | F15: Low voltage ride through; LVRT Target voltge(pu) - 0.15 Duration of voltage dip(sec) - 0.3 sec Pre-fault Active Power Dispatch(pu) - 1.0 Nature of voltage dip - Balanced Three Phase; Balanced Three Phase | G15: RMS | H15: TC_012_RMS_Results.pdf | I15: test.sav | J15: Yes | L15: LVRT Test | Level: UIBR | Domain: RMS ▶ File Name (PDF): Attach the corresponding PSCAD/PSS/E simulation output report showing voltage, active power (P), reactive power (Q), Id, and Iq time-domain plots for this specific test case. Format: 'TC_<NNN>_<RMS/EMT>_Results.pdf'. Ensure plots clearly show pre-fault, during-fault, and post-fault periods. ▶ File Name (Sim): Provide the simulation model file used – 'test.sav'. For PSS/E: .SAV + .DYR file; for PSCAD: .pscx/.pswx file. File should reproduce the exact test case documented in the report. ▶ Key checks: No inverter tripping, ΔIq > 0 during fault, active power recovers ≥90% within 1 sec of clearance.
... A36: 33 | B36: UIBR | C36: Dynamic | D36: High voltage ride through | E36: HVRT Target Voltage (pu) - 1.2 Duration of voltage rise (sec) - 2 Initial Active Power dispatch (pu) - 0.25 Nature of voltage rise - Balanced Three phase | F36: High voltage ride through; HVRT Target Voltage (pu) - 1.2 Duration of voltage rise (sec) - 2 Initial Active Power dispatch (pu) - 0.25 Nature of voltage rise - Balanced Three phase; Balanced Three Phase | G36: RMS | H36: TC_033_RMS_Results.pdf | I36: test.sav | J36: Yes | L36: HVRT Test | Level: UIBR | Domain: RMS ▶ File Name (PDF): Attach simulation output showing voltage, P, Q, Id, Iq time plots for this HVRT case. Verify inverter absorbs reactive power (negative ΔIq) during voltage rise. Format: 'TC_<NNN>_<RMS/EMT>_Results.pdf'. ▶ File Name (Sim): Provide 'test.sav' model file replicating this exact HVRT scenario. ▶ Key checks: No tripping, reactive absorption as per K-factor, active power maintained.
A37: 34 | B37: UIBR | C37: Steady State | D37: PQ Capability Curve of IBR / WTG | E37: POI/PCC Voltage (pu) - 1.0 | G37: EMT | H37: TC_034_EMT_Results.pdf | I37: test.pscx | J37: Yes | L37: PQ Capability Curve Test | Level: UIBR | Domain: EMT ▶ File Name (PDF): Attach the P-Q diagram showing full reactive capability at this POI voltage. Must cover the entire operating range from maximum absorption to maximum injection. ▶ File Name (Sim): Provide 'test.pscx' steady-state model file used to generate the PQ curve. ▶ Key check: PQ envelope must meet CEA grid code requirements (0.95 pf lag to 0.95 pf lead at rated P).
A38: 35 | B38: UIBR | C38: Steady State | D38: PQ Capability Curve of IBR / WTG | E38: POI/PCC Voltage (pu) -0.95 | G38: EMT | H38: TC_035_EMT_Results.pdf | I38: test.pscx | J38: Yes | L38: PQ Capability Curve Test | Level: UIBR | Domain: EMT ▶ File Name (PDF): Attach the P-Q diagram showing full reactive capability at this POI voltage. Must cover the entire operating range from maximum absorption to maximum injection. ▶ File Name (Sim): Provide 'test.pscx' steady-state model file used to generate the PQ curve. ▶ Key check: PQ envelope must meet CEA grid code requirements (0.95 pf lag to 0.95 pf lead at rated P).
A39: 36 | B39: UIBR | C39: Steady State | D39: PQ Capability Curve of IBR / WTG | E39: POI/PCC Voltage (pu) -1.05 | G39: EMT | H39: TC_036_EMT_Results.pdf | I39: test.pscx | J39: Yes | L39: PQ Capability Curve Test | Level: UIBR | Domain: EMT ▶ File Name (PDF): Attach the P-Q diagram showing full reactive capability at this POI voltage. Must cover the entire operating range from maximum absorption to maximum injection. ▶ File Name (Sim): Provide 'test.pscx' steady-state model file used to generate the PQ curve. ▶ Key check: PQ envelope must meet CEA grid code requirements (0.95 pf lag to 0.95 pf lead at rated P).
A40: 37 | B40: UIBR | C40: Dynamic | D40: Capability to operate in frequency range: 47.5Hz to 52Hz with +/-5% voltage variation | E40: Frequency change (Hz): 50 to 47.5; POI Voltage (pu): 1; Power factor: Any; | F40: Frequency change (Hz): 50 to 47.5; POI Voltage (pu): 1; Power factor: Any; Capability to operate in frequency range: 47.5Hz to 52Hz with +/-5% voltage variation | G40: EMT | H40: TC_037_EMT_Results.pdf | I40: test.pscx | J40: Yes | L40: Frequency Response Test | Level: UIBR | Domain: EMT ▶ File Name (PDF): Attach simulation output showing frequency step and corresponding active power response. Include time plots for frequency (Hz) and P (pu). Droop response must be visible within the configured dead-band. ▶ File Name (Sim): Provide 'test.pscx' model file configured with PPC frequency flag ON for this test. ▶ Key check: Droop must be in range 3%–6%; FFR tests require ≥10% P response within 1 second for |Δf| > 0.3 Hz.
A41: 38 | B41: UIBR | C41: Dynamic | D41: Capability to operate in frequency range: 47.5Hz to 52Hz with +/-5% voltage variation | E41: Frequency change (Hz): 50 to 52; POI Voltage (pu): 1; Power factor: Any; | F41: Frequency change (Hz): 50 to 52; POI Voltage (pu): 1; Power factor: Any; Capability to operate in frequency range: 47.5Hz to 52Hz with +/-5% voltage variation | G41: EMT | H41: TC_038_EMT_Results.pdf | I41: test.pscx | J41: Yes | L41: Frequency Response Test | Level: UIBR | Domain: EMT ▶ File Name (PDF): Attach simulation output showing frequency step and corresponding active power response. Include time plots for frequency (Hz) and P (pu). Droop response must be visible within the configured dead-band. ▶ File Name (Sim): Provide 'test.pscx' model file configured with PPC frequency flag ON for this test. ▶ Key check: Droop must be in range 3%–6%; FFR tests require ≥10% P response within 1 second for |Δf| > 0.3 Hz.
A42: 39 | B42: UIBR | C42: Dynamic | D42: Capability to provide rated output in frequency range of 49.5Hz to 50.5Hz with +/-5% voltage variation | E42: Frequency change (Hz): 50 to 49.5; POI /PCC Voltage (pu): 0.95; Power factor (pf): Lagging (0.95); Active Power dispatch (pu): 1; | F42: Frequency change (Hz): 50 to 49.5; POI /PCC Voltage (pu): 0.95; Power factor (pf): Lagging (0.95); Active Power dispatch (pu): 1; Capability to provide rated output in frequency range of 49.5Hz to 50.5Hz with +/-5% voltage variation; Lagging (0.95) | G42: EMT | H42: TC_039_EMT_Results.pdf | I42: test.pscx | J42: Yes | L42: Frequency Response Test | Level: UIBR | Domain: EMT ▶ File Name (PDF): Attach simulation output showing frequency step and corresponding active power response. Include time plots for frequency (Hz) and P (pu). Droop response must be visible within the configured dead-band. ▶ File Name (Sim): Provide 'test.pscx' model file configured with PPC frequency flag ON for this test. ▶ Key check: Droop must be in range 3%–6%; FFR tests require ≥10% P response within 1 second for |Δf| > 0.3 Hz.
A43: 40 | B43: UIBR | C43: Dynamic | D43: Capability to provide rated output in frequency range of 49.5Hz to 50.5Hz with +/-5% voltage variation | E43: POI /PCC Voltage (pu): 1.05; Power factor (pf): Leading (0.95); Active Power dispatch (pu): 1; | F43: POI /PCC Voltage (pu): 1.05; Power factor (pf): Leading (0.95); Leading (0.95) | G43: EMT | H43: TC_040_EMT_Results.pdf | I43: test.pscx | J43: Yes | L43: Frequency Response Test | Level: UIBR | Domain: EMT ▶ File Name (PDF): Attach simulation output showing frequency step and corresponding active power response. Include time plots for frequency (Hz) and P (pu). Droop response must be visible within the configured dead-band. ▶ File Name (Sim): Provide 'test.pscx' model file configured with PPC frequency flag ON for this test. ▶ Key check: Droop must be in range 3%–6%; FFR tests require ≥10% P response within 1 second for |Δf| > 0.3 Hz.
A44: 41 | B44: UIBR | C44: Dynamic | D44: Capability to provide rated output in frequency range of 49.5Hz to 50.5Hz with +/-5% voltage variation | E44: Frequency change (Hz): 50 to 50.5; POI /PCC Voltage (pu): 0.95; Power factor (pf): Lagging (0.95); Active Power dispatch (pu): 1; | F44: Frequency change (Hz): 50 to 50.5; POI /PCC Voltage (pu): 0.95; Power factor (pf): Lagging (0.95); Active Power dispatch (pu): 1; Lagging (0.95) | G44: EMT | H44: TC_041_EMT_Results.pdf | I44: test.pscx | J44: Yes | L44: Frequency Response Test | Level: UIBR | Domain: EMT ▶ File Name (PDF): Attach simulation output showing frequency step and corresponding active power response. Include time plots for frequency (Hz) and P (pu). Droop response must be visible within the configured dead-band. ▶ File Name (Sim): Provide 'test.pscx' model file configured with PPC frequency flag ON for this test. ▶ Key check: Droop must be in range 3%–6%; FFR tests require ≥10% P response within 1 second for |Δf| > 0.3 Hz.
A45: 42 | B45: UIBR | C45: Dynamic | D45: Capability to provide rated output in frequency range of 49.5Hz to 50.5Hz with +/-5% voltage variation | E45: POI /PCC Voltage (pu): 1.05; Power factor (pf): Leading (0.95); Active Power dispatch (pu): 1; | F45: POI /PCC Voltage (pu): 1.05; Power factor (pf): Leading (0.95); Leading (0.95) | G45: EMT | H45: TC_042_EMT_Results.pdf | I45: test.pscx | J45: Yes | L45: Frequency Response Test | Level: UIBR | Domain: EMT ▶ File Name (PDF): Attach simulation output showing frequency step and corresponding active power response. Include time plots for frequency (Hz) and P (pu). Droop response must be visible within the configured dead-band. ▶ File Name (Sim): Provide 'test.pscx' model file configured with PPC frequency flag ON for this test. ▶ Key check: Droop must be in range 3%–6%; FFR tests require ≥10% P response within 1 second for |Δf| > 0.3 Hz.
A46: 43 | B46: UIBR | C46: Dynamic | D46: Low Voltage Ride Through (LVRT) | E46: LVRT Target Voltage (pu): 0.85; Duration of voltage dip (sec): 3; Pre - fault Active Power dispatch (pu): 1; Nature of voltage dip: Balanced Three phase; ; Balanced Three phase | F46: LVRT Target Voltage (pu): 0.85; Duration of voltage dip (sec): 3; Pre - fault Active Power dispatch (pu): 1; Nature of voltage dip: Balanced Three phase; Low Voltage Ride Through (LVRT); Balanced Three phase | G46: EMT | H46: TC_043_EMT_Results.pdf | I46: test.pscx | J46: Yes | L46: LVRT Test | Level: UIBR | Domain: EMT ▶ File Name (PDF): Attach the corresponding PSCAD/PSS/E simulation output report showing voltage, active power (P), reactive power (Q), Id, and Iq time-domain plots for this specific test case. Format: 'TC_<NNN>_<RMS/EMT>_Results.pdf'. Ensure plots clearly show pre-fault, during-fault, and post-fault periods. ▶ File Name (Sim): Provide the simulation model file used – 'test.pscx'. For PSS/E: .SAV + .DYR file; for PSCAD: .pscx/.pswx file. File should reproduce the exact test case documented in the report. ▶ Key checks: No inverter tripping, ΔIq > 0 during fault, active power recovers ≥90% within 1 sec of clearance.
A47: 44 | B47: UIBR | C47: Dynamic | D47: Low Voltage Ride Through (LVRT) | E47: LVRT Target Voltage (pu): 0.5; Duration of voltage dip (sec): 1.65; Pre - fault Active Power dispatch (pu): 1; Nature of voltage dip: Balanced Three phase; ; Balanced Three phase | F47: LVRT Target Voltage (pu): 0.5; Duration of voltage dip (sec): 1.65; Pre - fault Active Power dispatch (pu): 1; Nature of voltage dip: Balanced Three phase; Low Voltage Ride Through (LVRT); Balanced Three phase | G47: EMT | H47: TC_044_EMT_Results.pdf | I47: test.pscx | J47: Yes | L47: LVRT Test | Level: UIBR | Domain: EMT ▶ File Name (PDF): Attach the corresponding PSCAD/PSS/E simulation output report showing voltage, active power (P), reactive power (Q), Id, and Iq time-domain plots for this specific test case. Format: 'TC_<NNN>_<RMS/EMT>_Results.pdf'. Ensure plots clearly show pre-fault, during-fault, and post-fault periods. ▶ File Name (Sim): Provide the simulation model file used – 'test.pscx'. For PSS/E: .SAV + .DYR file; for PSCAD: .pscx/.pswx file. File should reproduce the exact test case documented in the report. ▶ Key checks: No inverter tripping, ΔIq > 0 during fault, active power recovers ≥90% within 1 sec of clearance.
A48: 45 | B48: UIBR | C48: Dynamic | D48: Low Voltage Ride Through (LVRT) | E48: LVRT Target Voltage (pu): 0.15; Duration of voltage dip (sec): 0.3; Pre - fault Active Power dispatch (pu): 1; Nature of voltage dip: Balanced Three phase; ; Balanced Three phase | F48: LVRT Target Voltage (pu): 0.15; Duration of voltage dip (sec): 0.3; Pre - fault Active Power dispatch (pu): 1; Nature of voltage dip: Balanced Three phase; Low Voltage Ride Through (LVRT); Balanced Three phase | G48: EMT | H48: TC_045_EMT_Results.pdf | I48: test.pscx | J48: Yes | L48: LVRT Test | Level: UIBR | Domain: EMT ▶ File Name (PDF): Attach the corresponding PSCAD/PSS/E simulation output report showing voltage, active power (P), reactive power (Q), Id, and Iq time-domain plots for this specific test case. Format: 'TC_<NNN>_<RMS/EMT>_Results.pdf'. Ensure plots clearly show pre-fault, during-fault, and post-fault periods. ▶ File Name (Sim): Provide the simulation model file used – 'test.pscx'. For PSS/E: .SAV + .DYR file; for PSCAD: .pscx/.pswx file. File should reproduce the exact test case documented in the report. ▶ Key checks: No inverter tripping, ΔIq > 0 during fault, active power recovers ≥90% within 1 sec of clearance.
A49: 46 | B49: UIBR | C49: Dynamic | D49: Low Voltage Ride Through (LVRT) | E49: LVRT Target Voltage (pu): 0.85; Duration of voltage dip (sec): 3; Pre - fault Active Power dispatch (pu): 1; Nature of voltage dip: Unbalanced (LL); ; Unbalanced (LL) | F49: LVRT Target Voltage (pu): 0.85; Duration of voltage dip (sec): 3; Pre - fault Active Power dispatch (pu): 1; Nature of voltage dip: Unbalanced (LL); Low Voltage Ride Through (LVRT); Unbalanced (LL) | G49: EMT | H49: TC_046_EMT_Results.pdf | I49: test.pscx | J49: Yes | L49: LVRT Test | Level: UIBR | Domain: EMT ▶ File Name (PDF): Attach the corresponding PSCAD/PSS/E simulation output report showing voltage, active power (P), reactive power (Q), Id, and Iq time-domain plots for this specific test case. Format: 'TC_<NNN>_<RMS/EMT>_Results.pdf'. Ensure plots clearly show pre-fault, during-fault, and post-fault periods. ▶ File Name (Sim): Provide the simulation model file used – 'test.pscx'. For PSS/E: .SAV + .DYR file; for PSCAD: .pscx/.pswx file. File should reproduce the exact test case documented in the report. ▶ Key checks: No inverter tripping, ΔIq > 0 during fault, active power recovers ≥90% within 1 sec of clearance.
A50: 47 | B50: UIBR | C50: Dynamic | D50: Low Voltage Ride Through (LVRT) | E50: LVRT Target Voltage (pu): 0.5; Duration of voltage dip (sec): 1.65; Pre - fault Active Power dispatch (pu): 1; Nature of voltage dip: Unbalanced (LL); ; Unbalanced (LL) | F50: LVRT Target Voltage (pu): 0.5; Duration of voltage dip (sec): 1.65; Pre - fault Active Power dispatch (pu): 1; Nature of voltage dip: Unbalanced (LL); Low Voltage Ride Through (LVRT); Unbalanced (LL) | G50: EMT | H50: TC_047_EMT_Results.pdf | I50: test.pscx | J50: Yes | L50: LVRT Test | Level: UIBR | Domain: EMT ▶ File Name (PDF): Attach the corresponding PSCAD/PSS/E simulation output report showing voltage, active power (P), reactive power (Q), Id, and Iq time-domain plots for this specific test case. Format: 'TC_<NNN>_<RMS/EMT>_Results.pdf'. Ensure plots clearly show pre-fault, during-fault, and post-fault periods. ▶ File Name (Sim): Provide the simulation model file used – 'test.pscx'. For PSS/E: .SAV + .DYR file; for PSCAD: .pscx/.pswx file. File should reproduce the exact test case documented in the report. ▶ Key checks: No inverter tripping, ΔIq > 0 during fault, active power recovers ≥90% within 1 sec of clearance.
A51: 48 | B51: UIBR | C51: Dynamic | D51: Low Voltage Ride Through (LVRT) | E51: LVRT Target Voltage (pu): 0.15; Duration of voltage dip (sec): 0.3; Pre - fault Active Power dispatch (pu): 1; Nature of voltage dip: Unbalanced (LL); ; Unbalanced (LL) | F51: LVRT Target Voltage (pu): 0.15; Duration of voltage dip (sec): 0.3; Pre - fault Active Power dispatch (pu): 1; Nature of voltage dip: Unbalanced (LL); Low Voltage Ride Through (LVRT); Unbalanced (LL) | G51: EMT | H51: TC_048_EMT_Results.pdf | I51: test.pscx | J51: Yes | L51: LVRT Test | Level: UIBR | Domain: EMT ▶ File Name (PDF): Attach the corresponding PSCAD/PSS/E simulation output report showing voltage, active power (P), reactive power (Q), Id, and Iq time-domain plots for this specific test case. Format: 'TC_<NNN>_<RMS/EMT>_Results.pdf'. Ensure plots clearly show pre-fault, during-fault, and post-fault periods. ▶ File Name (Sim): Provide the simulation model file used – 'test.pscx'. For PSS/E: .SAV + .DYR file; for PSCAD: .pscx/.pswx file. File should reproduce the exact test case documented in the report. ▶ Key checks: No inverter tripping, ΔIq > 0 during fault, active power recovers ≥90% within 1 sec of clearance.
... A218: 215 | B218: PRMS | C218: Dynamic | D218: Frequency response test (any droop in range of 3 - 6%) | E218: Frequency change (Hz): 50 to 49.85; Active Power dispatch (pu): 0.1; POI Voltage (pu): 1; Power factor (pf): Unity; PPC Frequency Flag: On | F218: Active Power dispatch (pu): 0.1; Frequency response test (any droop in range of 3 - 6%) | G218: RMS | H218: 1000 MW Serentica_Hybrid,Solapur PSSE Model Study Report_V00 | I218: Freq_49.97-49.85Hz_P_0.1.sav | J218: Yes | L218: Frequency Response Test | Level: PRMS | Domain: RMS ▶ File Name (PDF): Attach simulation output showing frequency step and corresponding active power response. Include time plots for frequency (Hz) and P (pu). Droop response must be visible within the configured dead-band. ▶ File Name (Sim): Provide 'test.sav' model file configured with PPC frequency flag ON for this test. ▶ Key check: Droop must be in range 3%–6%; FFR tests require ≥10% P response within 1 second for |Δf| > 0.3 Hz.
A219: 216 | B219: PRMS | C219: Dynamic | D219: Demonstration of immediate (within 1 second) real power primary frequency response of at least 10% of maximum Alternating Current active power capacity for frequency deviation in excess of 0.3 Hz: | E219: Change in frequency (Hz): Greater than 0.3Hz (upwards); Default Active Power dispatch (pu): 0.9; POI Voltage (pu): 1; Power factor (pf): Unity; | G219: RMS | H219: 1000 MW Serentica_Hybrid,Solapur PSSE Model Study Report_V00 | I219: Freq_49.5Hz_P_0.9.sav | J219: Yes | L219: Frequency Response Test | Level: PRMS | Domain: RMS ▶ File Name (PDF): Attach simulation output showing frequency step and corresponding active power response. Include time plots for frequency (Hz) and P (pu). Droop response must be visible within the configured dead-band. ▶ File Name (Sim): Provide 'test.sav' model file configured with PPC frequency flag ON for this test. ▶ Key check: Droop must be in range 3%–6%; FFR tests require ≥10% P response within 1 second for |Δf| > 0.3 Hz.
A220: 217 | B220: PRMS | C220: Dynamic | D220: Demonstration of immediate (within 1 second) real power primary frequency response of at least 10% of maximum Alternating Current active power capacity for frequency deviation in excess of 0.3 Hz: | E220: Greater than 0.3Hz (downwards) Default Active Power dispatch (pu): 0.9; POI Voltage (pu): 1; Power factor (pf): Unity; | F220: Change in frequency (Hz): Greater than 0.3Hz (downwards); Demonstration of immediate (within 1 second) real power primary frequency response of at least 10% of maximum Alternating Current active power capacity for frequency deviation in excess of 0.3 Hz:; Greater than 0.3Hz (downwards) | G220: RMS | H220: 1000 MW Serentica_Hybrid,Solapur PSSE Model Study Report_V00 | I220: Freq_50.5Hz_P_0.9.sav | J220: Yes | L220: Frequency Response Test | Level: PRMS | Domain: RMS ▶ File Name (PDF): Attach simulation output showing frequency step and corresponding active power response. Include time plots for frequency (Hz) and P (pu). Droop response must be visible within the configured dead-band. ▶ File Name (Sim): Provide 'test.sav' model file configured with PPC frequency flag ON for this test. ▶ Key check: Droop must be in range 3%–6%; FFR tests require ≥10% P response within 1 second for |Δf| > 0.3 Hz.
A221: 218 | B221: PRMS | C221: Dynamic | D221: High voltage ride through: | E221: HVRT Target Voltage (pu): 1.3; Duration of voltage rise (sec): 0.2; Initial Active Power dispatch (pu): 1; Nature of voltage rise: Balanced; | F221: HVRT Target Voltage (pu): 1.3; Duration of voltage rise (sec): 0.2; Initial Active Power dispatch (pu): 1; Nature of voltage rise: Balanced; High voltage ride through:; Balanced | G221: RMS | H221: 1000 MW Serentica_Hybrid,Solapur PSSE Model Study Report_V00 | I221: HVRT_1.1_P_100%.sav | J221: Yes | L221: HVRT Test | Level: PRMS | Domain: RMS ▶ File Name (PDF): Attach simulation output showing voltage, P, Q, Id, Iq time plots for this HVRT case. Verify inverter absorbs reactive power (negative ΔIq) during voltage rise. Format: 'TC_<NNN>_<RMS/EMT>_Results.pdf'. ▶ File Name (Sim): Provide 'test.sav' model file replicating this exact HVRT scenario. ▶ Key checks: No tripping, reactive absorption as per K-factor, active power maintained.
A222: 219 | B222: PRMS | C222: Dynamic | D222: High voltage ride through: | E222: HVRT Target Voltage (pu): 1.2; Duration of voltage rise (sec): 2; Initial Active Power dispatch (pu): 1; Nature of voltage rise: Balanced; | F222: HVRT Target Voltage (pu): 1.2; Duration of voltage rise (sec): 2; High voltage ride through: | G222: RMS | H222: 1000 MW Serentica_Hybrid,Solapur PSSE Model Study Report_V00 | I222: HVRT_1.1_P_50%.sav | J222: Yes | L222: HVRT Test | Level: PRMS | Domain: RMS ▶ File Name (PDF): Attach simulation output showing voltage, P, Q, Id, Iq time plots for this HVRT case. Verify inverter absorbs reactive power (negative ΔIq) during voltage rise. Format: 'TC_<NNN>_<RMS/EMT>_Results.pdf'. ▶ File Name (Sim): Provide 'test.sav' model file replicating this exact HVRT scenario. ▶ Key checks: No tripping, reactive absorption as per K-factor, active power maintained.
A223: 220 | B223: PRMS | C223: Dynamic | D223: High voltage ride through: | E223: HVRT Target Voltage (pu): 1.1; Duration of voltage rise (sec): Continuous; Initial Active Power dispatch (pu): 1; Nature of voltage rise: Balanced; | F223: HVRT Target Voltage (pu): 1.1; Duration of voltage rise (sec): Continuous; High voltage ride through: | G223: RMS | H223: 1000 MW Serentica_Hybrid,Solapur PSSE Model Study Report_V00 | I223: HVRT_1.1_P_25%.sav | J223: Yes | L223: HVRT Test | Level: PRMS | Domain: RMS ▶ File Name (PDF): Attach simulation output showing voltage, P, Q, Id, Iq time plots for this HVRT case. Verify inverter absorbs reactive power (negative ΔIq) during voltage rise. Format: 'TC_<NNN>_<RMS/EMT>_Results.pdf'. ▶ File Name (Sim): Provide 'test.sav' model file replicating this exact HVRT scenario. ▶ Key checks: No tripping, reactive absorption as per K-factor, active power maintained.
A224: 221 | B224: PRMS | C224: Dynamic | D224: High voltage ride through: | E224: HVRT Target Voltage (pu): 1.3; Duration of voltage rise (sec): 0.2; Initial Active Power dispatch (pu): 0.5; Nature of voltage rise: Balanced; | F224: HVRT Target Voltage (pu): 1.3; Duration of voltage rise (sec): 0.2; Initial Active Power dispatch (pu): 0.5; High voltage ride through: | G224: RMS | H224: 1000 MW Serentica_Hybrid,Solapur PSSE Model Study Report_V00 | I224: HVRT_1.2_P_100%.sav | J224: Yes | L224: HVRT Test | Level: PRMS | Domain: RMS ▶ File Name (PDF): Attach simulation output showing voltage, P, Q, Id, Iq time plots for this HVRT case. Verify inverter absorbs reactive power (negative ΔIq) during voltage rise. Format: 'TC_<NNN>_<RMS/EMT>_Results.pdf'. ▶ File Name (Sim): Provide 'test.sav' model file replicating this exact HVRT scenario. ▶ Key checks: No tripping, reactive absorption as per K-factor, active power maintained.
A225: 222 | B225: PRMS | C225: Dynamic | D225: High voltage ride through: | E225: HVRT Target Voltage (pu): 1.2; Duration of voltage rise (sec): 2; Initial Active Power dispatch (pu): 0.5; Nature of voltage rise: Balanced; | F225: HVRT Target Voltage (pu): 1.2; Duration of voltage rise (sec): 2; High voltage ride through: | G225: RMS | H225: 1000 MW Serentica_Hybrid,Solapur PSSE Model Study Report_V00 | I225: HVRT_1.2_P_50%.sav | J225: Yes | L225: HVRT Test | Level: PRMS | Domain: RMS ▶ File Name (PDF): Attach simulation output showing voltage, P, Q, Id, Iq time plots for this HVRT case. Verify inverter absorbs reactive power (negative ΔIq) during voltage rise. Format: 'TC_<NNN>_<RMS/EMT>_Results.pdf'. ▶ File Name (Sim): Provide 'test.sav' model file replicating this exact HVRT scenario. ▶ Key checks: No tripping, reactive absorption as per K-factor, active power maintained.
A226: 223 | B226: PRMS | C226: Dynamic | D226: High voltage ride through: | E226: HVRT Target Voltage (pu): 1.1; Duration of voltage rise (sec): Continuous; Initial Active Power dispatch (pu): 0.5; Nature of voltage rise: Balanced; | F226: HVRT Target Voltage (pu): 1.1; Duration of voltage rise (sec): Continuous; High voltage ride through: | G226: RMS | H226: 1000 MW Serentica_Hybrid,Solapur PSSE Model Study Report_V00 | I226: HVRT_1.2_P_25%.sav | J226: Yes | L226: HVRT Test | Level: PRMS | Domain: RMS ▶ File Name (PDF): Attach simulation output showing voltage, P, Q, Id, Iq time plots for this HVRT case. Verify inverter absorbs reactive power (negative ΔIq) during voltage rise. Format: 'TC_<NNN>_<RMS/EMT>_Results.pdf'. ▶ File Name (Sim): Provide 'test.sav' model file replicating this exact HVRT scenario. ▶ Key checks: No tripping, reactive absorption as per K-factor, active power maintained.
A227: 224 | B227: PRMS | C227: Dynamic | D227: High voltage ride through: | E227: HVRT Target Voltage (pu): 1.3; Duration of voltage rise (sec): 0.2; Initial Active Power dispatch (pu): 0.5; Nature of voltage rise: Balanced; | F227: HVRT Target Voltage (pu): 1.3; Duration of voltage rise (sec): 0.2; Initial Active Power dispatch (pu): 0.2; High voltage ride through: | G227: RMS | H227: 1000 MW Serentica_Hybrid,Solapur PSSE Model Study Report_V00 | I227: HVRT_1.3_P_100%.sav | J227: Yes | L227: HVRT Test | Level: PRMS | Domain: RMS ▶ File Name (PDF): Attach simulation output showing voltage, P, Q, Id, Iq time plots for this HVRT case. Verify inverter absorbs reactive power (negative ΔIq) during voltage rise. Format: 'TC_<NNN>_<RMS/EMT>_Results.pdf'. ▶ File Name (Sim): Provide 'test.sav' model file replicating this exact HVRT scenario. ▶ Key checks: No tripping, reactive absorption as per K-factor, active power maintained.
A228: 225 | B228: PRMS | C228: Dynamic | D228: High voltage ride through: | E228: HVRT Target Voltage (pu): 1.2; Duration of voltage rise (sec): 2; Initial Active Power dispatch (pu): 0.2; Nature of voltage rise: Balanced; | F228: HVRT Target Voltage (pu): 1.2; Duration of voltage rise (sec): 2; High voltage ride through: | G228: RMS | H228: 1000 MW Serentica_Hybrid,Solapur PSSE Model Study Report_V00 | I228: HVRT_1.3_P_50%.sav | J228: Yes | L228: HVRT Test | Level: PRMS | Domain: RMS ▶ File Name (PDF): Attach simulation output showing voltage, P, Q, Id, Iq time plots for this HVRT case. Verify inverter absorbs reactive power (negative ΔIq) during voltage rise. Format: 'TC_<NNN>_<RMS/EMT>_Results.pdf'. ▶ File Name (Sim): Provide 'test.sav' model file replicating this exact HVRT scenario. ▶ Key checks: No tripping, reactive absorption as per K-factor, active power maintained.
A229: 226 | B229: PRMS | C229: Dynamic | D229: High voltage ride through: | E229: HVRT Target Voltage (pu): 1.1; Duration of voltage rise (sec): Continuous; Initial Active Power dispatch (pu): 0.2; Nature of voltage rise: Balanced; | F229: HVRT Target Voltage (pu): 1.1; Duration of voltage rise (sec): Continuous; High voltage ride through: | G229: RMS | H229: 1000 MW Serentica_Hybrid,Solapur PSSE Model Study Report_V00 | I229: HVRT_1.3_P_25%.sav | J229: Yes | L229: HVRT Test | Level: PRMS | Domain: RMS ▶ File Name (PDF): Attach simulation output showing voltage, P, Q, Id, Iq time plots for this HVRT case. Verify inverter absorbs reactive power (negative ΔIq) during voltage rise. Format: 'TC_<NNN>_<RMS/EMT>_Results.pdf'. ▶ File Name (Sim): Provide 'test.sav' model file replicating this exact HVRT scenario. ▶ Key checks: No tripping, reactive absorption as per K-factor, active power maintained.
D236: Row Labels | E236: Count of Unit level(UIBR), USVG/Plant level(P)
D237: PEMT | E237: 77
D238: PRMS | E238: 40
D239: UIBR | E239: 90
D240: USVG | E240: 19
D241: Grand Total | E241: 226
A247: The Applicant is required to fill in yellow-highlighted cells only. All remaining fields are system-locked and pre-populated for reference.

Sheet Addl Checklist
A1: Checklist for Prerequisites prior to Submission of Final Data
A2: Sl No | B2: Category | C2: Checklist Item | D2: Yes/No | E2: Remarks | F2: 📝 Developer Guidance / Explanatory Note
A3: 1 | B3: Reactive Capability | C3: No overloading observed in transformers / IDTs & any other elements | D3: Yes | F3: Confirm no transformer (power transformer or IDT) is overlo+F3:F19aded (>100% of nameplate rating) in any simulation scenario. Check thermal limit compliance at site temperature. Enter 'Yes' if no overloading observed.
B4: Reactive Capability | C4: Load-Flow achieved using full-newton raphson method for the detailed Plant model | D4: Yes | F4: Confirm whether load-flow solutions are converged using Full-Newton Raphson method & verify the load-flow solution parameters considered/assumed in PSSE steady state report.
A5: =A3+1 -> 2 | B5: Reactive Capability | C5: Reactive power compensation is adequate | D5: Yes | F5: Verify that reactive power compensation (SVG, capacitor banks, or IBR reactive capability) is adequate to meet 0.95 pf lag to 0.95 pf lead requirement at POI under all voltage conditions. Enter 'Yes' if adequate.
A6: =A5+1 -> 3 | B6: Power Quality | C6: Power Quality Study has been revised with actual short circuit level and X/R ratio obtained from CTUIL | D6: No
A7: =A6+1 -> 4 | B7: Power Quality | C7: Harmonic impedance scan plots at POI for with and without filter cases has been incorporated in the report. | D7: No
A8: =A7+1 -> 5 | B8: Power Quality | C8: Confirm filters are also included in the plant level dynamic simulation models of PSSE & PSCAD | D8: Yes | E8: How to model Filter banks in dynamic PSSE model? As capacitor or, switched shunt? Does all IBR/WTG OEM also include unit level harmonic filter in PSSE/PSCAD? Are all power-transformer model in the dynamic model are also frequency dependent? How STATCOM at 33kV is modelled in PSCAD dynamic model, any series smoothing reactor available in SVG? | F8: Ensure filters are modelled in plant level simulation models
B9: PFR/FFR | C9: PFR controls can recommence after FFR response is delivered (fuel/resource availability = 100%) | D9: No | F9: Verify whether the Master PPC (primary frequency controller) is able to govern the control of active power as per the frequency droop after 10% active power response is achieved within 1 second for frequency deviations >0.3 Hz, considering all resource/fuel are available upto 1.0 pu
A10: =A8+1 -> 6 | B10: PFR/FFR | C10: Fast Frequency Response(FFR) response(> 0.3 Hz) is adequate | D10: Yes | F10: Verify Fast Frequency Response (FFR): Plant must inject/absorb ≥10% of rated active power within 1 second for |Δf| > 0.3 Hz. Check plots in dynamics report. Enter 'Yes' if compliant, 'No' if not.
A11: =A10+1 -> 7 | B11: PFR/FFR | C11: Primary Frequency Response(PFR) response is adequate | D11: Yes | F11: Verify Primary Frequency Response (PFR): Plant must respond proportionally to frequency deviation per configured droop (3%–6%). Response must be sustained as per the setting of frequency controller. Enter 'Yes' if demonstrated in frequency response test cases.
A12: =A11+1 -> 8 | B12: PFR/FFR | C12: Primary Frequency Response(PFR) sharing is proportional among generators/BESS inverters | D12: Yes | E12: Subjected to MPPC active power distribution philosophy, active power priority distribution philosophy can override IBR or, WTG or, BESS based upon MPPC commands. | F12: Applicable if multiple generators or BESS inverters share PFR. Confirm that PFR sharing is proportional to each unit's rating (not biased to one unit). Enter 'Yes' if proportionality is demonstrated.. It is preferred option;
A13: =A12+1 -> 9 | B13: Modelling | C13: Unit Test report data matches simulation model data or data considered in unit level simulation models is directly taken from unit test reports. | D13: Yes | E13: Subjective, How to measure mismatch from unit level performance? Has FFR control philosophy been provided by OEM? | F13: Compare values from the unit-level type test report with PSCAD simulation model data. Ensure all data particularly harmonics, dc offset data is taken from test reports. Enter 'Yes' if values are matching. If 'No', investigate discrepancy and update model.
A14: =A13+1 -> 10 | B14: Modelling | C14: OEM has certified which model parameters are tunable and non-tunable | D14: Yes | F14: Confirm OEM has provided a formal document certifying which inverter/WTG model parameters can be adjusted (tunable) and which are fixed (non-tunable / OEM-locked). Enter 'Yes' if document received. Critical for benchmarking compliance.
A15: =A14+1 -> 11 | B15: Modelling | C15: Parameters are consistent in simulation models PSSE, PSCAD & Reports(Eg: MVA, Xsource of Inverters & SVGs, R,X,B parameters of cables etc ) | D15: Yes | F15: Verify that the MVA base used in PSS/E and PSCAD models is identical and consistent with the plant rating. Common error: mismatch between reports & simulation models. Enter 'Yes' if consistent. Check all .DYR and .pscx files.
A16: =A15+1 -> 12 | B16: Modelling | C16: Transformer taps remain unchanged across scenarios | D16: Yes | F16: Verify that transformer tap positions are identical across all simulation scenarios (load flow cases). If taps change between cases, it must be justified. Enter 'Yes' if taps are consistent.
A17: =A16+1 -> 13 | B17: Modelling | C17: Unit level simulation models are consistent with actual test results | D17: Yes | F17: Confirm unit-level simulation models (PSS/E generic model / PSCAD detailed model) are validated against actual type test results. Validation report must show V, P, Q, Id, Iq comparison. Enter 'Yes' if validated.
A18: =A17+1 -> 14 | B18: Modelling | C18: Plant EMT model Initialization achieved appropriately in the simulation for all different active power levels | D18: Yes | F18: Confirm whether the plant model is able to initialise appropriately within 3-5 seconds (simulation time) & review the auxiliary power drawn by the plant during the process. Recommended practice.
A19: =A18+1 -> 15 | B19: Modelling | C19: Plant level dynamic simulation parameters, properties or assumptions used for the study is included in the respective report | D19: Yes | F19: PSSE & PSCAD Model parameters & assumptions are mentioned in the study reports in details
A20: =A19+1 -> 16 | B20: LVRT/HVRT | C20: PPC Enters into LVRT/HVRT conditions for all shallow fault cases | D20: Yes | F20: Run a dynamic simulation (PSCAD/PSS/E) with LVRT at 0.85 pu and HVRT 1.1 pu (symmetrical & asymmetrical) and verify PPC correctly switches to LVRT/HVRT mode. Enter 'Yes' if mode transition is correctly demonstrated.
A21: =A20+1 -> 17 | B21: LVRT/HVRT | C21: Id & Iq are monitored at PoI level under LVRT/HVRT reactive power flow conditions | D21: Yes | F21: Confirm that Id and Iq time-domain plots at POI level are included in the dynamics report for LVRT/HVRT cases. These plots validate reactive current injection compliance. Enter 'Yes' if plots are present and show correct behaviour.
A22: =A21+1 -> 18 | B22: LVRT/HVRT | C22: Plant performance is stable during LVRT/HVRT | D22: Yes | E22: Subjective, oscillations are expected for unbalanced conditions | F22: Verify plant stability during LVRT/HVRT: No sustained oscillations in P, Q, V, or Id/Iq after fault clearance. Check time-domain plots for oscillation or divergence. Enter 'Yes' if stable post-fault response observed.
A23: =A22+1 -> 19 | B23: LVRT/HVRT | C23: Id & Iq control behaviour in plant simulation plots matches test report plots | D23: Yes | F23: Compare Id and Iq control behaviour time plots from plant-level PSCAD simulation vs. unit-level type test report for equivalent fault conditions. Enter 'Yes' if plots match in shape, magnitude, and timing (within ±10%).
A24: =A23+1 -> 20 | B24: LVRT/HVRT | C24: In case of unbalanced cases, dynamic simulation report shall also include Negative Sequence Currents & Negative Sequence voltage of IBR(including supplemental devices) and POI | D24: Yes | F24: Negative sequence currents & voltages should also be plotted at unit level & POI with appropriate scaling in per unit basis for respective equipment/plant MVA/Nameplate capacity.
